support,itemsets
0.07547169811320754,frozenset({'adult'})
0.1320754716981132,frozenset({'bathroom'})
0.18867924528301888,frozenset({'bed'})
0.05660377358490566,frozenset({'bedding'})
0.07547169811320754,frozenset({'board'})
0.1320754716981132,frozenset({'chair'})
0.07547169811320754,frozenset({'child'})
0.07547169811320754,frozenset({'conference_room'})
0.05660377358490566,frozenset({'cupboard'})
0.07547169811320754,frozenset({'curtain'})
0.05660377358490566,frozenset({'curtains'})
0.05660377358490566,frozenset({'dining_room'})
0.09433962264150944,frozenset({'door'})
0.07547169811320754,frozenset({'dorm_room'})
0.1320754716981132,frozenset({'floor'})
0.07547169811320754,frozenset({'hospital_room'})
0.2641509433962264,frozenset({'hotel_room'})
0.1509433962264151,frozenset({'kindergarden_classroom'})
0.11320754716981132,frozenset({'lamp'})
0.07547169811320754,frozenset({'lampshade'})
0.05660377358490566,frozenset({'light'})
0.07547169811320754,frozenset({'living_room'})
0.05660377358490566,frozenset({'painting'})
0.05660377358490566,frozenset({'picture'})
0.1320754716981132,frozenset({'pillow'})
0.22641509433962265,frozenset({'wall'})
0.18867924528301888,frozenset({'window'})
0.05660377358490566,"frozenset({'kindergarden_classroom', 'adult'})"
0.05660377358490566,"frozenset({'wall', 'bathroom'})"
0.11320754716981132,"frozenset({'hotel_room', 'bed'})"
0.05660377358490566,"frozenset({'pillow', 'bed'})"
0.05660377358490566,"frozenset({'wall', 'bed'})"
0.07547169811320754,"frozenset({'window', 'bed'})"
0.05660377358490566,"frozenset({'chair', 'window'})"
0.05660377358490566,"frozenset({'kindergarden_classroom', 'child'})"
0.05660377358490566,"frozenset({'hotel_room', 'curtain'})"
0.05660377358490566,"frozenset({'curtains', 'window'})"
0.09433962264150944,"frozenset({'hotel_room', 'lamp'})"
0.05660377358490566,"frozenset({'hotel_room', 'lampshade'})"
0.07547169811320754,"frozenset({'hotel_room', 'pillow'})"
0.05660377358490566,"frozenset({'hotel_room', 'wall'})"
0.05660377358490566,"frozenset({'hotel_room', 'window'})"
0.05660377358490566,"frozenset({'living_room', 'window'})"
0.07547169811320754,"frozenset({'wall', 'window'})"
