support,itemsets
0.2,frozenset({'0_bed'})
0.1,frozenset({'0_chair'})
0.1,frozenset({'0_counter'})
0.1,frozenset({'0_curtain'})
0.2,frozenset({'0_pillow'})
0.1,frozenset({'0_plant'})
0.1,frozenset({'0_sink'})
0.1,frozenset({'10_counter'})
0.1,frozenset({'10_screen'})
0.1,frozenset({'10_towel'})
0.1,frozenset({'10_window'})
0.1,frozenset({'11_cabinet'})
0.1,frozenset({'11_cat'})
0.1,frozenset({'11_chair'})
0.3,frozenset({'11_window'})
0.1,frozenset({'12_bowl'})
0.1,frozenset({'12_lamp'})
0.1,frozenset({'12_sign'})
0.1,frozenset({'12_toilet'})
0.1,frozenset({'12_window'})
0.1,frozenset({'13_curtain'})
0.1,frozenset({'13_door'})
0.1,frozenset({'13_leg'})
0.1,frozenset({'13_plate'})
0.1,frozenset({'14_flower'})
0.1,frozenset({'14_window'})
0.1,frozenset({'15_bench'})
0.1,frozenset({'15_curtain'})
0.1,frozenset({'15_drawer'})
0.1,frozenset({'15_plate'})
0.1,frozenset({'15_window'})
0.1,frozenset({'16_chair'})
0.1,frozenset({'16_window'})
0.1,frozenset({'17_room'})
0.1,frozenset({'17_sink'})
0.1,frozenset({'18_cabinet'})
0.1,frozenset({'18_shelf'})
0.2,frozenset({'1_bed'})
0.1,frozenset({'1_box'})
0.1,frozenset({'1_chair'})
0.1,frozenset({'1_counter'})
0.1,frozenset({'1_glass'})
0.1,frozenset({'1_lamp'})
0.1,frozenset({'1_pillow'})
0.1,frozenset({'1_table'})
0.1,frozenset({'2_bed'})
0.1,frozenset({'2_chair'})
0.1,frozenset({'2_handle'})
0.1,frozenset({'2_lamp'})
0.2,frozenset({'2_plant'})
0.1,frozenset({'2_table'})
0.1,frozenset({'2_window'})
0.1,frozenset({'3_box'})
0.1,frozenset({'3_cabinet'})
0.1,frozenset({'3_drawer'})
0.1,frozenset({'3_laptop'})
0.2,frozenset({'3_pillow'})
0.1,frozenset({'3_pot'})
0.1,frozenset({'3_room'})
0.1,frozenset({'3_table'})
0.1,frozenset({'3_window'})
0.2,frozenset({'4_counter'})
0.2,frozenset({'4_pillow'})
0.1,frozenset({'4_room'})
0.1,frozenset({'4_table'})
0.1,frozenset({'4_track'})
0.1,frozenset({'4_window'})
0.2,frozenset({'5_chair'})
0.1,frozenset({'5_plant'})
0.1,frozenset({'5_pot'})
0.1,frozenset({'5_room'})
0.2,frozenset({'5_table'})
0.1,frozenset({'6_cabinet'})
0.1,frozenset({'6_chair'})
0.1,frozenset({'6_leg'})
0.1,frozenset({'6_pillow'})
0.1,frozenset({'6_room'})
0.1,frozenset({'6_towel'})
0.1,frozenset({'7_bag'})
0.1,frozenset({'7_box'})
0.1,frozenset({'7_mountain'})
0.1,frozenset({'7_room'})
0.2,frozenset({'7_table'})
0.1,frozenset({'8_chair'})
0.1,frozenset({'8_handle'})
0.1,frozenset({'8_lamp'})
0.1,frozenset({'8_light'})
0.1,frozenset({'8_mountain'})
0.1,frozenset({'8_plant'})
0.1,frozenset({'8_room'})
0.1,frozenset({'8_table'})
0.1,frozenset({'9_cabinet'})
0.1,frozenset({'9_chair'})
0.1,frozenset({'9_door'})
0.1,frozenset({'9_tile'})
0.1,frozenset({'9_window'})
0.1,frozenset({'air conditioner'})
0.1,frozenset({'bed'})
0.1,frozenset({'bedroom'})
0.1,frozenset({'blinds'})
0.1,frozenset({'book'})
0.1,frozenset({'cat'})
0.2,frozenset({'ceiling'})
0.1,frozenset({'chair'})
0.1,frozenset({'clothes'})
0.1,frozenset({'counter'})
0.2,frozenset({'cupboard'})
0.1,frozenset({'cupboards'})
0.2,frozenset({'curtains'})
0.1,frozenset({'dining_room'})
0.1,frozenset({'dishes'})
0.1,frozenset({'dorm_room'})
0.1,frozenset({'drawer'})
0.1,frozenset({'galley'})
0.1,frozenset({'globe'})
0.1,frozenset({'kitchen'})
0.2,frozenset({'mirror'})
0.1,frozenset({'object'})
0.1,frozenset({'oven'})
0.1,frozenset({'painting'})
0.1,frozenset({'paintings'})
0.1,frozenset({'picture'})
0.2,frozenset({'picture frame'})
0.1,frozenset({'pillow'})
0.2,frozenset({'plant'})
0.1,frozenset({'playroom'})
0.1,frozenset({'railing'})
0.1,frozenset({'restaurant_kitchen'})
0.1,frozenset({'sink'})
0.1,frozenset({'sofa'})
0.1,frozenset({'stove'})
0.1,frozenset({'tablet'})
0.1,frozenset({'television'})
0.1,frozenset({'throne_room'})
0.1,frozenset({'tiles'})
0.1,frozenset({'waiting_room'})
0.1,frozenset({'wall'})
0.1,frozenset({'window'})
0.1,frozenset({'youth_hostel'})
0.1,"frozenset({'0_bed', '10_window'})"
0.1,"frozenset({'11_cat', '0_bed'})"
0.1,"frozenset({'0_bed', '11_window'})"
0.1,"frozenset({'0_bed', '12_window'})"
0.1,"frozenset({'0_bed', '13_curtain'})"
0.1,"frozenset({'14_window', '0_bed'})"
0.1,"frozenset({'0_bed', '15_bench'})"
0.1,"frozenset({'15_curtain', '0_bed'})"
0.1,"frozenset({'1_pillow', '0_bed'})"
0.1,"frozenset({'2_plant', '0_bed'})"
0.1,"frozenset({'3_pillow', '0_bed'})"
0.1,"frozenset({'3_window', '0_bed'})"
0.1,"frozenset({'0_bed', '4_room'})"
0.1,"frozenset({'5_pot', '0_bed'})"
0.1,"frozenset({'0_bed', '5_room'})"
0.1,"frozenset({'0_bed', '6_chair'})"
0.1,"frozenset({'0_bed', '7_mountain'})"
0.1,"frozenset({'0_bed', '7_table'})"
0.1,"frozenset({'0_bed', '8_lamp'})"
0.1,"frozenset({'0_bed', '8_mountain'})"
0.1,"frozenset({'0_bed', '9_window'})"
0.1,"frozenset({'0_bed', 'bedroom'})"
0.1,"frozenset({'0_bed', 'ceiling'})"
0.1,"frozenset({'curtains', '0_bed'})"
0.1,"frozenset({'0_bed', 'paintings'})"
0.1,"frozenset({'picture frame', '0_bed'})"
0.1,"frozenset({'plant', '0_bed'})"
0.1,"frozenset({'0_bed', 'railing'})"
0.1,"frozenset({'0_bed', 'youth_hostel'})"
0.1,"frozenset({'10_screen', '0_chair'})"
0.1,"frozenset({'11_chair', '0_chair'})"
0.1,"frozenset({'1_box', '0_chair'})"
0.1,"frozenset({'2_bed', '0_chair'})"
0.1,"frozenset({'3_room', '0_chair'})"
0.1,"frozenset({'4_pillow', '0_chair'})"
0.1,"frozenset({'6_towel', '0_chair'})"
0.1,"frozenset({'7_bag', '0_chair'})"
0.1,"frozenset({'0_chair', '8_chair'})"
0.1,"frozenset({'0_chair', '9_cabinet'})"
0.1,"frozenset({'0_chair', 'book'})"
0.1,"frozenset({'cat', '0_chair'})"
0.1,"frozenset({'clothes', '0_chair'})"
0.1,"frozenset({'cupboard', '0_chair'})"
0.1,"frozenset({'object', '0_chair'})"
0.1,"frozenset({'picture', '0_chair'})"
0.1,"frozenset({'picture frame', '0_chair'})"
0.1,"frozenset({'playroom', '0_chair'})"
0.1,"frozenset({'sofa', '0_chair'})"
0.1,"frozenset({'television', '0_chair'})"
0.1,"frozenset({'10_towel', '0_counter'})"
0.1,"frozenset({'11_cabinet', '0_counter'})"
0.1,"frozenset({'12_bowl', '0_counter'})"
0.1,"frozenset({'13_plate', '0_counter'})"
0.1,"frozenset({'15_plate', '0_counter'})"
0.1,"frozenset({'16_chair', '0_counter'})"
0.1,"frozenset({'17_room', '0_counter'})"
0.1,"frozenset({'18_shelf', '0_counter'})"
0.1,"frozenset({'1_glass', '0_counter'})"
0.1,"frozenset({'2_plant', '0_counter'})"
0.1,"frozenset({'3_drawer', '0_counter'})"
0.1,"frozenset({'4_counter', '0_counter'})"
0.1,"frozenset({'5_table', '0_counter'})"
0.1,"frozenset({'9_door', '0_counter'})"
0.1,"frozenset({'air conditioner', '0_counter'})"
0.1,"frozenset({'cupboards', '0_counter'})"
0.1,"frozenset({'dishes', '0_counter'})"
0.1,"frozenset({'oven', '0_counter'})"
0.1,"frozenset({'restaurant_kitchen', '0_counter'})"
0.1,"frozenset({'1_chair', '0_curtain'})"
0.1,"frozenset({'2_chair', '0_curtain'})"
0.1,"frozenset({'3_table', '0_curtain'})"
0.1,"frozenset({'4_table', '0_curtain'})"
0.1,"frozenset({'0_curtain', '5_chair'})"
0.1,"frozenset({'6_room', '0_curtain'})"
0.1,"frozenset({'8_light', '0_curtain'})"
0.1,"frozenset({'9_tile', '0_curtain'})"
0.1,"frozenset({'chair', '0_curtain'})"
0.1,"frozenset({'curtains', '0_curtain'})"
0.1,"frozenset({'dining_room', '0_curtain'})"
0.1,"frozenset({'tiles', '0_curtain'})"
0.1,"frozenset({'0_pillow', '11_window'})"
0.1,"frozenset({'12_lamp', '0_pillow'})"
0.1,"frozenset({'14_flower', '0_pillow'})"
0.1,"frozenset({'15_window', '0_pillow'})"
0.1,"frozenset({'0_pillow', '16_window'})"
0.2,"frozenset({'0_pillow', '1_bed'})"
0.1,"frozenset({'0_pillow', '2_lamp'})"
0.1,"frozenset({'2_window', '0_pillow'})"
0.1,"frozenset({'3_box', '0_pillow'})"
0.1,"frozenset({'3_pillow', '0_pillow'})"
0.1,"frozenset({'4_pillow', '0_pillow'})"
0.1,"frozenset({'4_window', '0_pillow'})"
0.1,"frozenset({'0_pillow', '5_chair'})"
0.1,"frozenset({'5_plant', '0_pillow'})"
0.1,"frozenset({'6_pillow', '0_pillow'})"
0.1,"frozenset({'0_pillow', '7_table'})"
0.1,"frozenset({'8_room', '0_pillow'})"
0.1,"frozenset({'0_pillow', '8_table'})"
0.1,"frozenset({'9_chair', '0_pillow'})"
0.1,"frozenset({'0_pillow', 'bed'})"
0.1,"frozenset({'blinds', '0_pillow'})"
0.1,"frozenset({'0_pillow', 'ceiling'})"
0.1,"frozenset({'dorm_room', '0_pillow'})"
0.1,"frozenset({'globe', '0_pillow'})"
0.1,"frozenset({'mirror', '0_pillow'})"
0.1,"frozenset({'0_pillow', 'pillow'})"
0.1,"frozenset({'waiting_room', '0_pillow'})"
0.1,"frozenset({'window', '0_pillow'})"
0.1,"frozenset({'0_plant', '11_window'})"
0.1,"frozenset({'12_sign', '0_plant'})"
0.1,"frozenset({'0_plant', '13_leg'})"
0.1,"frozenset({'1_lamp', '0_plant'})"
0.1,"frozenset({'0_plant', '2_table'})"
0.1,"frozenset({'0_plant', '3_pot'})"
0.1,"frozenset({'4_track', '0_plant'})"
0.1,"frozenset({'0_plant', '6_leg'})"
0.1,"frozenset({'0_plant', '7_room'})"
0.1,"frozenset({'0_plant', '8_plant'})"
0.1,"frozenset({'mirror', '0_plant'})"
0.1,"frozenset({'0_plant', 'painting'})"
0.1,"frozenset({'plant', '0_plant'})"
0.1,"frozenset({'0_plant', 'throne_room'})"
0.1,"frozenset({'1_counter', '0_sink'})"
0.1,"frozenset({'2_handle', '0_sink'})"
0.1,"frozenset({'3_laptop', '0_sink'})"
0.1,"frozenset({'4_counter', '0_sink'})"
0.1,"frozenset({'5_table', '0_sink'})"
0.1,"frozenset({'7_box', '0_sink'})"
0.1,"frozenset({'8_handle', '0_sink'})"
0.1,"frozenset({'counter', '0_sink'})"
0.1,"frozenset({'0_sink', 'drawer'})"
0.1,"frozenset({'0_sink', 'galley'})"
0.1,"frozenset({'sink', '0_sink'})"
0.1,"frozenset({'0_sink', 'tablet'})"
0.1,"frozenset({'10_counter', '12_toilet'})"
0.1,"frozenset({'10_counter', '13_door'})"
0.1,"frozenset({'10_counter', '15_drawer'})"
0.1,"frozenset({'10_counter', '17_sink'})"
0.1,"frozenset({'10_counter', '18_cabinet'})"
0.1,"frozenset({'1_table', '10_counter'})"
0.1,"frozenset({'10_counter', '3_cabinet'})"
0.1,"frozenset({'10_counter', '6_cabinet'})"
0.1,"frozenset({'cupboard', '10_counter'})"
0.1,"frozenset({'10_counter', 'kitchen'})"
0.1,"frozenset({'10_counter', 'stove'})"
0.1,"frozenset({'wall', '10_counter'})"
0.1,"frozenset({'11_chair', '10_screen'})"
0.1,"frozenset({'1_box', '10_screen'})"
0.1,"frozenset({'2_bed', '10_screen'})"
0.1,"frozenset({'3_room', '10_screen'})"
0.1,"frozenset({'4_pillow', '10_screen'})"
0.1,"frozenset({'6_towel', '10_screen'})"
0.1,"frozenset({'7_bag', '10_screen'})"
0.1,"frozenset({'10_screen', '8_chair'})"
0.1,"frozenset({'10_screen', '9_cabinet'})"
0.1,"frozenset({'10_screen', 'book'})"
0.1,"frozenset({'cat', '10_screen'})"
0.1,"frozenset({'clothes', '10_screen'})"
0.1,"frozenset({'cupboard', '10_screen'})"
0.1,"frozenset({'object', '10_screen'})"
0.1,"frozenset({'picture', '10_screen'})"
0.1,"frozenset({'picture frame', '10_screen'})"
0.1,"frozenset({'playroom', '10_screen'})"
0.1,"frozenset({'sofa', '10_screen'})"
0.1,"frozenset({'television', '10_screen'})"
0.1,"frozenset({'11_cabinet', '10_towel'})"
0.1,"frozenset({'10_towel', '12_bowl'})"
0.1,"frozenset({'10_towel', '13_plate'})"
0.1,"frozenset({'15_plate', '10_towel'})"
0.1,"frozenset({'16_chair', '10_towel'})"
0.1,"frozenset({'17_room', '10_towel'})"
0.1,"frozenset({'18_shelf', '10_towel'})"
0.1,"frozenset({'1_glass', '10_towel'})"
0.1,"frozenset({'2_plant', '10_towel'})"
0.1,"frozenset({'10_towel', '3_drawer'})"
0.1,"frozenset({'10_towel', '4_counter'})"
0.1,"frozenset({'10_towel', '5_table'})"
0.1,"frozenset({'9_door', '10_towel'})"
0.1,"frozenset({'air conditioner', '10_towel'})"
0.1,"frozenset({'cupboards', '10_towel'})"
0.1,"frozenset({'10_towel', 'dishes'})"
0.1,"frozenset({'10_towel', 'oven'})"
0.1,"frozenset({'10_towel', 'restaurant_kitchen'})"
0.1,"frozenset({'11_cat', '10_window'})"
0.1,"frozenset({'14_window', '10_window'})"
0.1,"frozenset({'15_curtain', '10_window'})"
0.1,"frozenset({'1_pillow', '10_window'})"
0.1,"frozenset({'2_plant', '10_window'})"
0.1,"frozenset({'3_pillow', '10_window'})"
0.1,"frozenset({'10_window', '4_room'})"
0.1,"frozenset({'5_pot', '10_window'})"
0.1,"frozenset({'6_chair', '10_window'})"
0.1,"frozenset({'10_window', '7_table'})"
0.1,"frozenset({'10_window', '8_lamp'})"
0.1,"frozenset({'9_window', '10_window'})"
0.1,"frozenset({'10_window', 'bedroom'})"
0.1,"frozenset({'10_window', 'ceiling'})"
0.1,"frozenset({'10_window', 'paintings'})"
0.1,"frozenset({'picture frame', '10_window'})"
0.1,"frozenset({'plant', '10_window'})"
0.1,"frozenset({'11_cabinet', '12_bowl'})"
0.1,"frozenset({'11_cabinet', '13_plate'})"
0.1,"frozenset({'11_cabinet', '15_plate'})"
0.1,"frozenset({'11_cabinet', '16_chair'})"
0.1,"frozenset({'17_room', '11_cabinet'})"
0.1,"frozenset({'11_cabinet', '18_shelf'})"
0.1,"frozenset({'11_cabinet', '1_glass'})"
0.1,"frozenset({'11_cabinet', '2_plant'})"
0.1,"frozenset({'11_cabinet', '3_drawer'})"
0.1,"frozenset({'11_cabinet', '4_counter'})"
0.1,"frozenset({'11_cabinet', '5_table'})"
0.1,"frozenset({'11_cabinet', '9_door'})"
0.1,"frozenset({'air conditioner', '11_cabinet'})"
0.1,"frozenset({'11_cabinet', 'cupboards'})"
0.1,"frozenset({'11_cabinet', 'dishes'})"
0.1,"frozenset({'11_cabinet', 'oven'})"
0.1,"frozenset({'11_cabinet', 'restaurant_kitchen'})"
0.1,"frozenset({'11_cat', '14_window'})"
0.1,"frozenset({'11_cat', '15_curtain'})"
0.1,"frozenset({'11_cat', '1_pillow'})"
0.1,"frozenset({'11_cat', '2_plant'})"
0.1,"frozenset({'3_pillow', '11_cat'})"
0.1,"frozenset({'11_cat', '4_room'})"
0.1,"frozenset({'11_cat', '5_pot'})"
0.1,"frozenset({'11_cat', '6_chair'})"
0.1,"frozenset({'11_cat', '7_table'})"
0.1,"frozenset({'11_cat', '8_lamp'})"
0.1,"frozenset({'11_cat', '9_window'})"
0.1,"frozenset({'11_cat', 'bedroom'})"
0.1,"frozenset({'11_cat', 'ceiling'})"
0.1,"frozenset({'11_cat', 'paintings'})"
0.1,"frozenset({'picture frame', '11_cat'})"
0.1,"frozenset({'11_cat', 'plant'})"
0.1,"frozenset({'1_box', '11_chair'})"
0.1,"frozenset({'2_bed', '11_chair'})"
0.1,"frozenset({'3_room', '11_chair'})"
0.1,"frozenset({'4_pillow', '11_chair'})"
0.1,"frozenset({'6_towel', '11_chair'})"
0.1,"frozenset({'7_bag', '11_chair'})"
0.1,"frozenset({'11_chair', '8_chair'})"
0.1,"frozenset({'11_chair', '9_cabinet'})"
0.1,"frozenset({'11_chair', 'book'})"
0.1,"frozenset({'cat', '11_chair'})"
0.1,"frozenset({'11_chair', 'clothes'})"
0.1,"frozenset({'cupboard', '11_chair'})"
0.1,"frozenset({'object', '11_chair'})"
0.1,"frozenset({'picture', '11_chair'})"
0.1,"frozenset({'picture frame', '11_chair'})"
0.1,"frozenset({'11_chair', 'playroom'})"
0.1,"frozenset({'sofa', '11_chair'})"
0.1,"frozenset({'television', '11_chair'})"
0.1,"frozenset({'12_lamp', '11_window'})"
0.1,"frozenset({'12_sign', '11_window'})"
0.1,"frozenset({'11_window', '12_window'})"
0.1,"frozenset({'13_curtain', '11_window'})"
0.1,"frozenset({'13_leg', '11_window'})"
0.1,"frozenset({'14_flower', '11_window'})"
0.1,"frozenset({'11_window', '15_bench'})"
0.1,"frozenset({'1_bed', '11_window'})"
0.1,"frozenset({'1_lamp', '11_window'})"
0.1,"frozenset({'11_window', '2_table'})"
0.1,"frozenset({'2_window', '11_window'})"
0.1,"frozenset({'3_pillow', '11_window'})"
0.1,"frozenset({'3_pot', '11_window'})"
0.1,"frozenset({'3_window', '11_window'})"
0.1,"frozenset({'4_pillow', '11_window'})"
0.1,"frozenset({'4_track', '11_window'})"
0.1,"frozenset({'11_window', '5_chair'})"
0.1,"frozenset({'5_room', '11_window'})"
0.1,"frozenset({'11_window', '6_leg'})"
0.1,"frozenset({'11_window', '7_mountain'})"
0.1,"frozenset({'11_window', '7_room'})"
0.1,"frozenset({'8_mountain', '11_window'})"
0.1,"frozenset({'11_window', '8_plant'})"
0.1,"frozenset({'11_window', '8_table'})"
0.1,"frozenset({'9_chair', '11_window'})"
0.1,"frozenset({'11_window', 'bed'})"
0.1,"frozenset({'blinds', '11_window'})"
0.1,"frozenset({'curtains', '11_window'})"
0.1,"frozenset({'dorm_room', '11_window'})"
0.1,"frozenset({'globe', '11_window'})"
0.2,"frozenset({'mirror', '11_window'})"
0.1,"frozenset({'painting', '11_window'})"
0.1,"frozenset({'11_window', 'pillow'})"
0.1,"frozenset({'plant', '11_window'})"
0.1,"frozenset({'11_window', 'railing'})"
0.1,"frozenset({'11_window', 'throne_room'})"
0.1,"frozenset({'11_window', 'youth_hostel'})"
0.1,"frozenset({'12_bowl', '13_plate'})"
0.1,"frozenset({'15_plate', '12_bowl'})"
0.1,"frozenset({'16_chair', '12_bowl'})"
0.1,"frozenset({'17_room', '12_bowl'})"
0.1,"frozenset({'18_shelf', '12_bowl'})"
0.1,"frozenset({'1_glass', '12_bowl'})"
0.1,"frozenset({'2_plant', '12_bowl'})"
0.1,"frozenset({'12_bowl', '3_drawer'})"
0.1,"frozenset({'12_bowl', '4_counter'})"
0.1,"frozenset({'12_bowl', '5_table'})"
0.1,"frozenset({'9_door', '12_bowl'})"
0.1,"frozenset({'air conditioner', '12_bowl'})"
0.1,"frozenset({'cupboards', '12_bowl'})"
0.1,"frozenset({'12_bowl', 'dishes'})"
0.1,"frozenset({'12_bowl', 'oven'})"
0.1,"frozenset({'restaurant_kitchen', '12_bowl'})"
0.1,"frozenset({'12_lamp', '14_flower'})"
0.1,"frozenset({'12_lamp', '1_bed'})"
0.1,"frozenset({'12_lamp', '2_window'})"
0.1,"frozenset({'3_pillow', '12_lamp'})"
0.1,"frozenset({'12_lamp', '4_pillow'})"
0.1,"frozenset({'12_lamp', '5_chair'})"
0.1,"frozenset({'12_lamp', '8_table'})"
0.1,"frozenset({'12_lamp', '9_chair'})"
0.1,"frozenset({'12_lamp', 'bed'})"
0.1,"frozenset({'12_lamp', 'blinds'})"
0.1,"frozenset({'12_lamp', 'dorm_room'})"
0.1,"frozenset({'12_lamp', 'globe'})"
0.1,"frozenset({'12_lamp', 'mirror'})"
0.1,"frozenset({'12_lamp', 'pillow'})"
0.1,"frozenset({'12_sign', '13_leg'})"
0.1,"frozenset({'1_lamp', '12_sign'})"
0.1,"frozenset({'12_sign', '2_table'})"
0.1,"frozenset({'12_sign', '3_pot'})"
0.1,"frozenset({'4_track', '12_sign'})"
0.1,"frozenset({'12_sign', '6_leg'})"
0.1,"frozenset({'12_sign', '7_room'})"
0.1,"frozenset({'12_sign', '8_plant'})"
0.1,"frozenset({'mirror', '12_sign'})"
0.1,"frozenset({'12_sign', 'painting'})"
0.1,"frozenset({'plant', '12_sign'})"
0.1,"frozenset({'12_sign', 'throne_room'})"
0.1,"frozenset({'13_door', '12_toilet'})"
0.1,"frozenset({'12_toilet', '15_drawer'})"
0.1,"frozenset({'17_sink', '12_toilet'})"
0.1,"frozenset({'12_toilet', '18_cabinet'})"
0.1,"frozenset({'1_table', '12_toilet'})"
0.1,"frozenset({'12_toilet', '3_cabinet'})"
0.1,"frozenset({'6_cabinet', '12_toilet'})"
0.1,"frozenset({'cupboard', '12_toilet'})"
0.1,"frozenset({'12_toilet', 'kitchen'})"
0.1,"frozenset({'stove', '12_toilet'})"
0.1,"frozenset({'wall', '12_toilet'})"
0.1,"frozenset({'13_curtain', '12_window'})"
0.1,"frozenset({'12_window', '15_bench'})"
0.1,"frozenset({'3_window', '12_window'})"
0.1,"frozenset({'5_room', '12_window'})"
0.1,"frozenset({'12_window', '7_mountain'})"
0.1,"frozenset({'8_mountain', '12_window'})"
0.1,"frozenset({'curtains', '12_window'})"
0.1,"frozenset({'railing', '12_window'})"
0.1,"frozenset({'12_window', 'youth_hostel'})"
0.1,"frozenset({'13_curtain', '15_bench'})"
0.1,"frozenset({'3_window', '13_curtain'})"
0.1,"frozenset({'13_curtain', '5_room'})"
0.1,"frozenset({'13_curtain', '7_mountain'})"
0.1,"frozenset({'13_curtain', '8_mountain'})"
0.1,"frozenset({'curtains', '13_curtain'})"
0.1,"frozenset({'13_curtain', 'railing'})"
0.1,"frozenset({'13_curtain', 'youth_hostel'})"
0.1,"frozenset({'13_door', '15_drawer'})"
0.1,"frozenset({'13_door', '17_sink'})"
0.1,"frozenset({'13_door', '18_cabinet'})"
0.1,"frozenset({'1_table', '13_door'})"
0.1,"frozenset({'13_door', '3_cabinet'})"
0.1,"frozenset({'13_door', '6_cabinet'})"
0.1,"frozenset({'cupboard', '13_door'})"
0.1,"frozenset({'13_door', 'kitchen'})"
0.1,"frozenset({'13_door', 'stove'})"
0.1,"frozenset({'wall', '13_door'})"
0.1,"frozenset({'1_lamp', '13_leg'})"
0.1,"frozenset({'13_leg', '2_table'})"
0.1,"frozenset({'3_pot', '13_leg'})"
0.1,"frozenset({'4_track', '13_leg'})"
0.1,"frozenset({'13_leg', '6_leg'})"
0.1,"frozenset({'13_leg', '7_room'})"
0.1,"frozenset({'13_leg', '8_plant'})"
0.1,"frozenset({'mirror', '13_leg'})"
0.1,"frozenset({'painting', '13_leg'})"
0.1,"frozenset({'plant', '13_leg'})"
0.1,"frozenset({'13_leg', 'throne_room'})"
0.1,"frozenset({'15_plate', '13_plate'})"
0.1,"frozenset({'16_chair', '13_plate'})"
0.1,"frozenset({'17_room', '13_plate'})"
0.1,"frozenset({'18_shelf', '13_plate'})"
0.1,"frozenset({'1_glass', '13_plate'})"
0.1,"frozenset({'2_plant', '13_plate'})"
0.1,"frozenset({'13_plate', '3_drawer'})"
0.1,"frozenset({'4_counter', '13_plate'})"
0.1,"frozenset({'5_table', '13_plate'})"
0.1,"frozenset({'9_door', '13_plate'})"
0.1,"frozenset({'air conditioner', '13_plate'})"
0.1,"frozenset({'cupboards', '13_plate'})"
0.1,"frozenset({'dishes', '13_plate'})"
0.1,"frozenset({'13_plate', 'oven'})"
0.1,"frozenset({'restaurant_kitchen', '13_plate'})"
0.1,"frozenset({'14_flower', '1_bed'})"
0.1,"frozenset({'14_flower', '2_window'})"
0.1,"frozenset({'3_pillow', '14_flower'})"
0.1,"frozenset({'14_flower', '4_pillow'})"
0.1,"frozenset({'14_flower', '5_chair'})"
0.1,"frozenset({'14_flower', '8_table'})"
0.1,"frozenset({'14_flower', '9_chair'})"
0.1,"frozenset({'14_flower', 'bed'})"
0.1,"frozenset({'14_flower', 'blinds'})"
0.1,"frozenset({'14_flower', 'dorm_room'})"
0.1,"frozenset({'14_flower', 'globe'})"
0.1,"frozenset({'14_flower', 'mirror'})"
0.1,"frozenset({'14_flower', 'pillow'})"
0.1,"frozenset({'14_window', '15_curtain'})"
0.1,"frozenset({'1_pillow', '14_window'})"
0.1,"frozenset({'14_window', '2_plant'})"
0.1,"frozenset({'3_pillow', '14_window'})"
0.1,"frozenset({'14_window', '4_room'})"
0.1,"frozenset({'5_pot', '14_window'})"
0.1,"frozenset({'14_window', '6_chair'})"
0.1,"frozenset({'14_window', '7_table'})"
0.1,"frozenset({'14_window', '8_lamp'})"
0.1,"frozenset({'14_window', '9_window'})"
0.1,"frozenset({'14_window', 'bedroom'})"
0.1,"frozenset({'14_window', 'ceiling'})"
0.1,"frozenset({'14_window', 'paintings'})"
0.1,"frozenset({'picture frame', '14_window'})"
0.1,"frozenset({'14_window', 'plant'})"
0.1,"frozenset({'3_window', '15_bench'})"
0.1,"frozenset({'5_room', '15_bench'})"
0.1,"frozenset({'15_bench', '7_mountain'})"
0.1,"frozenset({'8_mountain', '15_bench'})"
0.1,"frozenset({'curtains', '15_bench'})"
0.1,"frozenset({'railing', '15_bench'})"
0.1,"frozenset({'youth_hostel', '15_bench'})"
0.1,"frozenset({'1_pillow', '15_curtain'})"
0.1,"frozenset({'2_plant', '15_curtain'})"
0.1,"frozenset({'3_pillow', '15_curtain'})"
0.1,"frozenset({'15_curtain', '4_room'})"
0.1,"frozenset({'5_pot', '15_curtain'})"
0.1,"frozenset({'15_curtain', '6_chair'})"
0.1,"frozenset({'15_curtain', '7_table'})"
0.1,"frozenset({'15_curtain', '8_lamp'})"
0.1,"frozenset({'15_curtain', '9_window'})"
0.1,"frozenset({'15_curtain', 'bedroom'})"
0.1,"frozenset({'15_curtain', 'ceiling'})"
0.1,"frozenset({'15_curtain', 'paintings'})"
0.1,"frozenset({'picture frame', '15_curtain'})"
0.1,"frozenset({'15_curtain', 'plant'})"
0.1,"frozenset({'17_sink', '15_drawer'})"
0.1,"frozenset({'18_cabinet', '15_drawer'})"
0.1,"frozenset({'1_table', '15_drawer'})"
0.1,"frozenset({'3_cabinet', '15_drawer'})"
0.1,"frozenset({'6_cabinet', '15_drawer'})"
0.1,"frozenset({'cupboard', '15_drawer'})"
0.1,"frozenset({'15_drawer', 'kitchen'})"
0.1,"frozenset({'stove', '15_drawer'})"
0.1,"frozenset({'wall', '15_drawer'})"
0.1,"frozenset({'15_plate', '16_chair'})"
0.1,"frozenset({'17_room', '15_plate'})"
0.1,"frozenset({'15_plate', '18_shelf'})"
0.1,"frozenset({'15_plate', '1_glass'})"
0.1,"frozenset({'15_plate', '2_plant'})"
0.1,"frozenset({'15_plate', '3_drawer'})"
0.1,"frozenset({'15_plate', '4_counter'})"
0.1,"frozenset({'15_plate', '5_table'})"
0.1,"frozenset({'9_door', '15_plate'})"
0.1,"frozenset({'air conditioner', '15_plate'})"
0.1,"frozenset({'15_plate', 'cupboards'})"
0.1,"frozenset({'15_plate', 'dishes'})"
0.1,"frozenset({'15_plate', 'oven'})"
0.1,"frozenset({'15_plate', 'restaurant_kitchen'})"
0.1,"frozenset({'15_window', '16_window'})"
0.1,"frozenset({'15_window', '1_bed'})"
0.1,"frozenset({'15_window', '2_lamp'})"
0.1,"frozenset({'3_box', '15_window'})"
0.1,"frozenset({'4_window', '15_window'})"
0.1,"frozenset({'5_plant', '15_window'})"
0.1,"frozenset({'6_pillow', '15_window'})"
0.1,"frozenset({'15_window', '7_table'})"
0.1,"frozenset({'8_room', '15_window'})"
0.1,"frozenset({'15_window', 'ceiling'})"
0.1,"frozenset({'waiting_room', '15_window'})"
0.1,"frozenset({'window', '15_window'})"
0.1,"frozenset({'17_room', '16_chair'})"
0.1,"frozenset({'16_chair', '18_shelf'})"
0.1,"frozenset({'16_chair', '1_glass'})"
0.1,"frozenset({'16_chair', '2_plant'})"
0.1,"frozenset({'16_chair', '3_drawer'})"
0.1,"frozenset({'16_chair', '4_counter'})"
0.1,"frozenset({'16_chair', '5_table'})"
0.1,"frozenset({'9_door', '16_chair'})"
0.1,"frozenset({'air conditioner', '16_chair'})"
0.1,"frozenset({'16_chair', 'cupboards'})"
0.1,"frozenset({'16_chair', 'dishes'})"
0.1,"frozenset({'16_chair', 'oven'})"
0.1,"frozenset({'16_chair', 'restaurant_kitchen'})"
0.1,"frozenset({'16_window', '1_bed'})"
0.1,"frozenset({'16_window', '2_lamp'})"
0.1,"frozenset({'3_box', '16_window'})"
0.1,"frozenset({'4_window', '16_window'})"
0.1,"frozenset({'5_plant', '16_window'})"
0.1,"frozenset({'6_pillow', '16_window'})"
0.1,"frozenset({'16_window', '7_table'})"
0.1,"frozenset({'8_room', '16_window'})"
0.1,"frozenset({'16_window', 'ceiling'})"
0.1,"frozenset({'waiting_room', '16_window'})"
0.1,"frozenset({'window', '16_window'})"
0.1,"frozenset({'17_room', '18_shelf'})"
0.1,"frozenset({'17_room', '1_glass'})"
0.1,"frozenset({'17_room', '2_plant'})"
0.1,"frozenset({'17_room', '3_drawer'})"
0.1,"frozenset({'17_room', '4_counter'})"
0.1,"frozenset({'17_room', '5_table'})"
0.1,"frozenset({'17_room', '9_door'})"
0.1,"frozenset({'air conditioner', '17_room'})"
0.1,"frozenset({'17_room', 'cupboards'})"
0.1,"frozenset({'17_room', 'dishes'})"
0.1,"frozenset({'17_room', 'oven'})"
0.1,"frozenset({'17_room', 'restaurant_kitchen'})"
0.1,"frozenset({'17_sink', '18_cabinet'})"
0.1,"frozenset({'1_table', '17_sink'})"
0.1,"frozenset({'17_sink', '3_cabinet'})"
0.1,"frozenset({'6_cabinet', '17_sink'})"
0.1,"frozenset({'cupboard', '17_sink'})"
0.1,"frozenset({'17_sink', 'kitchen'})"
0.1,"frozenset({'stove', '17_sink'})"
0.1,"frozenset({'wall', '17_sink'})"
0.1,"frozenset({'1_table', '18_cabinet'})"
0.1,"frozenset({'3_cabinet', '18_cabinet'})"
0.1,"frozenset({'6_cabinet', '18_cabinet'})"
0.1,"frozenset({'cupboard', '18_cabinet'})"
0.1,"frozenset({'18_cabinet', 'kitchen'})"
0.1,"frozenset({'stove', '18_cabinet'})"
0.1,"frozenset({'wall', '18_cabinet'})"
0.1,"frozenset({'1_glass', '18_shelf'})"
0.1,"frozenset({'2_plant', '18_shelf'})"
0.1,"frozenset({'18_shelf', '3_drawer'})"
0.1,"frozenset({'18_shelf', '4_counter'})"
0.1,"frozenset({'18_shelf', '5_table'})"
0.1,"frozenset({'9_door', '18_shelf'})"
0.1,"frozenset({'air conditioner', '18_shelf'})"
0.1,"frozenset({'cupboards', '18_shelf'})"
0.1,"frozenset({'18_shelf', 'dishes'})"
0.1,"frozenset({'18_shelf', 'oven'})"
0.1,"frozenset({'18_shelf', 'restaurant_kitchen'})"
0.1,"frozenset({'1_bed', '2_lamp'})"
0.1,"frozenset({'2_window', '1_bed'})"
0.1,"frozenset({'3_box', '1_bed'})"
0.1,"frozenset({'3_pillow', '1_bed'})"
0.1,"frozenset({'4_pillow', '1_bed'})"
0.1,"frozenset({'4_window', '1_bed'})"
0.1,"frozenset({'1_bed', '5_chair'})"
0.1,"frozenset({'5_plant', '1_bed'})"
0.1,"frozenset({'6_pillow', '1_bed'})"
0.1,"frozenset({'1_bed', '7_table'})"
0.1,"frozenset({'8_room', '1_bed'})"
0.1,"frozenset({'1_bed', '8_table'})"
0.1,"frozenset({'9_chair', '1_bed'})"
0.1,"frozenset({'1_bed', 'bed'})"
0.1,"frozenset({'blinds', '1_bed'})"
0.1,"frozenset({'1_bed', 'ceiling'})"
0.1,"frozenset({'dorm_room', '1_bed'})"
0.1,"frozenset({'globe', '1_bed'})"
0.1,"frozenset({'mirror', '1_bed'})"
0.1,"frozenset({'1_bed', 'pillow'})"
0.1,"frozenset({'waiting_room', '1_bed'})"
0.1,"frozenset({'window', '1_bed'})"
0.1,"frozenset({'2_bed', '1_box'})"
0.1,"frozenset({'1_box', '3_room'})"
0.1,"frozenset({'1_box', '4_pillow'})"
0.1,"frozenset({'6_towel', '1_box'})"
0.1,"frozenset({'1_box', '7_bag'})"
0.1,"frozenset({'1_box', '8_chair'})"
0.1,"frozenset({'1_box', '9_cabinet'})"
0.1,"frozenset({'1_box', 'book'})"
0.1,"frozenset({'1_box', 'cat'})"
0.1,"frozenset({'1_box', 'clothes'})"
0.1,"frozenset({'cupboard', '1_box'})"
0.1,"frozenset({'1_box', 'object'})"
0.1,"frozenset({'picture', '1_box'})"
0.1,"frozenset({'picture frame', '1_box'})"
0.1,"frozenset({'1_box', 'playroom'})"
0.1,"frozenset({'sofa', '1_box'})"
0.1,"frozenset({'1_box', 'television'})"
0.1,"frozenset({'2_chair', '1_chair'})"
0.1,"frozenset({'3_table', '1_chair'})"
0.1,"frozenset({'4_table', '1_chair'})"
0.1,"frozenset({'1_chair', '5_chair'})"
0.1,"frozenset({'6_room', '1_chair'})"
0.1,"frozenset({'8_light', '1_chair'})"
0.1,"frozenset({'1_chair', '9_tile'})"
0.1,"frozenset({'chair', '1_chair'})"
0.1,"frozenset({'curtains', '1_chair'})"
0.1,"frozenset({'1_chair', 'dining_room'})"
0.1,"frozenset({'1_chair', 'tiles'})"
0.1,"frozenset({'1_counter', '2_handle'})"
0.1,"frozenset({'1_counter', '3_laptop'})"
0.1,"frozenset({'1_counter', '4_counter'})"
0.1,"frozenset({'1_counter', '5_table'})"
0.1,"frozenset({'1_counter', '7_box'})"
0.1,"frozenset({'1_counter', '8_handle'})"
0.1,"frozenset({'1_counter', 'counter'})"
0.1,"frozenset({'1_counter', 'drawer'})"
0.1,"frozenset({'1_counter', 'galley'})"
0.1,"frozenset({'1_counter', 'sink'})"
0.1,"frozenset({'1_counter', 'tablet'})"
0.1,"frozenset({'1_glass', '2_plant'})"
0.1,"frozenset({'1_glass', '3_drawer'})"
0.1,"frozenset({'1_glass', '4_counter'})"
0.1,"frozenset({'1_glass', '5_table'})"
0.1,"frozenset({'9_door', '1_glass'})"
0.1,"frozenset({'air conditioner', '1_glass'})"
0.1,"frozenset({'1_glass', 'cupboards'})"
0.1,"frozenset({'1_glass', 'dishes'})"
0.1,"frozenset({'1_glass', 'oven'})"
0.1,"frozenset({'1_glass', 'restaurant_kitchen'})"
0.1,"frozenset({'1_lamp', '2_table'})"
0.1,"frozenset({'1_lamp', '3_pot'})"
0.1,"frozenset({'4_track', '1_lamp'})"
0.1,"frozenset({'1_lamp', '6_leg'})"
0.1,"frozenset({'1_lamp', '7_room'})"
0.1,"frozenset({'1_lamp', '8_plant'})"
0.1,"frozenset({'1_lamp', 'mirror'})"
0.1,"frozenset({'1_lamp', 'painting'})"
0.1,"frozenset({'1_lamp', 'plant'})"
0.1,"frozenset({'1_lamp', 'throne_room'})"
0.1,"frozenset({'1_pillow', '2_plant'})"
0.1,"frozenset({'3_pillow', '1_pillow'})"
0.1,"frozenset({'1_pillow', '4_room'})"
0.1,"frozenset({'5_pot', '1_pillow'})"
0.1,"frozenset({'1_pillow', '6_chair'})"
0.1,"frozenset({'1_pillow', '7_table'})"
0.1,"frozenset({'1_pillow', '8_lamp'})"
0.1,"frozenset({'1_pillow', '9_window'})"
0.1,"frozenset({'1_pillow', 'bedroom'})"
0.1,"frozenset({'1_pillow', 'ceiling'})"
0.1,"frozenset({'1_pillow', 'paintings'})"
0.1,"frozenset({'picture frame', '1_pillow'})"
0.1,"frozenset({'1_pillow', 'plant'})"
0.1,"frozenset({'1_table', '3_cabinet'})"
0.1,"frozenset({'1_table', '6_cabinet'})"
0.1,"frozenset({'cupboard', '1_table'})"
0.1,"frozenset({'1_table', 'kitchen'})"
0.1,"frozenset({'1_table', 'stove'})"
0.1,"frozenset({'wall', '1_table'})"
0.1,"frozenset({'2_bed', '3_room'})"
0.1,"frozenset({'2_bed', '4_pillow'})"
0.1,"frozenset({'6_towel', '2_bed'})"
0.1,"frozenset({'2_bed', '7_bag'})"
0.1,"frozenset({'2_bed', '8_chair'})"
0.1,"frozenset({'2_bed', '9_cabinet'})"
0.1,"frozenset({'2_bed', 'book'})"
0.1,"frozenset({'2_bed', 'cat'})"
0.1,"frozenset({'2_bed', 'clothes'})"
0.1,"frozenset({'cupboard', '2_bed'})"
0.1,"frozenset({'2_bed', 'object'})"
0.1,"frozenset({'picture', '2_bed'})"
0.1,"frozenset({'picture frame', '2_bed'})"
0.1,"frozenset({'2_bed', 'playroom'})"
0.1,"frozenset({'sofa', '2_bed'})"
0.1,"frozenset({'2_bed', 'television'})"
0.1,"frozenset({'3_table', '2_chair'})"
0.1,"frozenset({'2_chair', '4_table'})"
0.1,"frozenset({'2_chair', '5_chair'})"
0.1,"frozenset({'2_chair', '6_room'})"
0.1,"frozenset({'2_chair', '8_light'})"
0.1,"frozenset({'2_chair', '9_tile'})"
0.1,"frozenset({'2_chair', 'chair'})"
0.1,"frozenset({'curtains', '2_chair'})"
0.1,"frozenset({'2_chair', 'dining_room'})"
0.1,"frozenset({'2_chair', 'tiles'})"
0.1,"frozenset({'2_handle', '3_laptop'})"
0.1,"frozenset({'2_handle', '4_counter'})"
0.1,"frozenset({'2_handle', '5_table'})"
0.1,"frozenset({'2_handle', '7_box'})"
0.1,"frozenset({'2_handle', '8_handle'})"
0.1,"frozenset({'2_handle', 'counter'})"
0.1,"frozenset({'2_handle', 'drawer'})"
0.1,"frozenset({'2_handle', 'galley'})"
0.1,"frozenset({'2_handle', 'sink'})"
0.1,"frozenset({'2_handle', 'tablet'})"
0.1,"frozenset({'3_box', '2_lamp'})"
0.1,"frozenset({'4_window', '2_lamp'})"
0.1,"frozenset({'5_plant', '2_lamp'})"
0.1,"frozenset({'6_pillow', '2_lamp'})"
0.1,"frozenset({'2_lamp', '7_table'})"
0.1,"frozenset({'8_room', '2_lamp'})"
0.1,"frozenset({'ceiling', '2_lamp'})"
0.1,"frozenset({'waiting_room', '2_lamp'})"
0.1,"frozenset({'window', '2_lamp'})"
0.1,"frozenset({'2_plant', '3_drawer'})"
0.1,"frozenset({'3_pillow', '2_plant'})"
0.1,"frozenset({'2_plant', '4_counter'})"
0.1,"frozenset({'2_plant', '4_room'})"
0.1,"frozenset({'5_pot', '2_plant'})"
0.1,"frozenset({'2_plant', '5_table'})"
0.1,"frozenset({'2_plant', '6_chair'})"
0.1,"frozenset({'2_plant', '7_table'})"
0.1,"frozenset({'2_plant', '8_lamp'})"
0.1,"frozenset({'9_door', '2_plant'})"
0.1,"frozenset({'2_plant', '9_window'})"
0.1,"frozenset({'air conditioner', '2_plant'})"
0.1,"frozenset({'2_plant', 'bedroom'})"
0.1,"frozenset({'2_plant', 'ceiling'})"
0.1,"frozenset({'2_plant', 'cupboards'})"
0.1,"frozenset({'2_plant', 'dishes'})"
0.1,"frozenset({'2_plant', 'oven'})"
0.1,"frozenset({'2_plant', 'paintings'})"
0.1,"frozenset({'picture frame', '2_plant'})"
0.1,"frozenset({'2_plant', 'plant'})"
0.1,"frozenset({'2_plant', 'restaurant_kitchen'})"
0.1,"frozenset({'3_pot', '2_table'})"
0.1,"frozenset({'4_track', '2_table'})"
0.1,"frozenset({'6_leg', '2_table'})"
0.1,"frozenset({'2_table', '7_room'})"
0.1,"frozenset({'2_table', '8_plant'})"
0.1,"frozenset({'mirror', '2_table'})"
0.1,"frozenset({'painting', '2_table'})"
0.1,"frozenset({'plant', '2_table'})"
0.1,"frozenset({'2_table', 'throne_room'})"
0.1,"frozenset({'3_pillow', '2_window'})"
0.1,"frozenset({'4_pillow', '2_window'})"
0.1,"frozenset({'2_window', '5_chair'})"
0.1,"frozenset({'2_window', '8_table'})"
0.1,"frozenset({'2_window', '9_chair'})"
0.1,"frozenset({'2_window', 'bed'})"
0.1,"frozenset({'blinds', '2_window'})"
0.1,"frozenset({'dorm_room', '2_window'})"
0.1,"frozenset({'globe', '2_window'})"
0.1,"frozenset({'mirror', '2_window'})"
0.1,"frozenset({'2_window', 'pillow'})"
0.1,"frozenset({'4_window', '3_box'})"
0.1,"frozenset({'3_box', '5_plant'})"
0.1,"frozenset({'6_pillow', '3_box'})"
0.1,"frozenset({'3_box', '7_table'})"
0.1,"frozenset({'3_box', '8_room'})"
0.1,"frozenset({'3_box', 'ceiling'})"
0.1,"frozenset({'waiting_room', '3_box'})"
0.1,"frozenset({'window', '3_box'})"
0.1,"frozenset({'6_cabinet', '3_cabinet'})"
0.1,"frozenset({'cupboard', '3_cabinet'})"
0.1,"frozenset({'3_cabinet', 'kitchen'})"
0.1,"frozenset({'stove', '3_cabinet'})"
0.1,"frozenset({'wall', '3_cabinet'})"
0.1,"frozenset({'4_counter', '3_drawer'})"
0.1,"frozenset({'5_table', '3_drawer'})"
0.1,"frozenset({'9_door', '3_drawer'})"
0.1,"frozenset({'air conditioner', '3_drawer'})"
0.1,"frozenset({'cupboards', '3_drawer'})"
0.1,"frozenset({'dishes', '3_drawer'})"
0.1,"frozenset({'oven', '3_drawer'})"
0.1,"frozenset({'restaurant_kitchen', '3_drawer'})"
0.1,"frozenset({'3_laptop', '4_counter'})"
0.1,"frozenset({'3_laptop', '5_table'})"
0.1,"frozenset({'7_box', '3_laptop'})"
0.1,"frozenset({'3_laptop', '8_handle'})"
0.1,"frozenset({'3_laptop', 'counter'})"
0.1,"frozenset({'3_laptop', 'drawer'})"
0.1,"frozenset({'3_laptop', 'galley'})"
0.1,"frozenset({'3_laptop', 'sink'})"
0.1,"frozenset({'3_laptop', 'tablet'})"
0.1,"frozenset({'3_pillow', '4_pillow'})"
0.1,"frozenset({'3_pillow', '4_room'})"
0.1,"frozenset({'3_pillow', '5_chair'})"
0.1,"frozenset({'3_pillow', '5_pot'})"
0.1,"frozenset({'3_pillow', '6_chair'})"
0.1,"frozenset({'3_pillow', '7_table'})"
0.1,"frozenset({'3_pillow', '8_lamp'})"
0.1,"frozenset({'3_pillow', '8_table'})"
0.1,"frozenset({'3_pillow', '9_chair'})"
0.1,"frozenset({'3_pillow', '9_window'})"
0.1,"frozenset({'3_pillow', 'bed'})"
0.1,"frozenset({'3_pillow', 'bedroom'})"
0.1,"frozenset({'3_pillow', 'blinds'})"
0.1,"frozenset({'3_pillow', 'ceiling'})"
0.1,"frozenset({'3_pillow', 'dorm_room'})"
0.1,"frozenset({'3_pillow', 'globe'})"
0.1,"frozenset({'3_pillow', 'mirror'})"
0.1,"frozenset({'3_pillow', 'paintings'})"
0.1,"frozenset({'3_pillow', 'picture frame'})"
0.1,"frozenset({'3_pillow', 'pillow'})"
0.1,"frozenset({'3_pillow', 'plant'})"
0.1,"frozenset({'4_track', '3_pot'})"
0.1,"frozenset({'3_pot', '6_leg'})"
0.1,"frozenset({'3_pot', '7_room'})"
0.1,"frozenset({'3_pot', '8_plant'})"
0.1,"frozenset({'mirror', '3_pot'})"
0.1,"frozenset({'painting', '3_pot'})"
0.1,"frozenset({'plant', '3_pot'})"
0.1,"frozenset({'3_pot', 'throne_room'})"
0.1,"frozenset({'4_pillow', '3_room'})"
0.1,"frozenset({'6_towel', '3_room'})"
0.1,"frozenset({'3_room', '7_bag'})"
0.1,"frozenset({'3_room', '8_chair'})"
0.1,"frozenset({'3_room', '9_cabinet'})"
0.1,"frozenset({'3_room', 'book'})"
0.1,"frozenset({'cat', '3_room'})"
0.1,"frozenset({'3_room', 'clothes'})"
0.1,"frozenset({'cupboard', '3_room'})"
0.1,"frozenset({'object', '3_room'})"
0.1,"frozenset({'picture', '3_room'})"
0.1,"frozenset({'picture frame', '3_room'})"
0.1,"frozenset({'3_room', 'playroom'})"
0.1,"frozenset({'sofa', '3_room'})"
0.1,"frozenset({'television', '3_room'})"
0.1,"frozenset({'3_table', '4_table'})"
0.1,"frozenset({'3_table', '5_chair'})"
0.1,"frozenset({'3_table', '6_room'})"
0.1,"frozenset({'3_table', '8_light'})"
0.1,"frozenset({'3_table', '9_tile'})"
0.1,"frozenset({'3_table', 'chair'})"
0.1,"frozenset({'3_table', 'curtains'})"
0.1,"frozenset({'3_table', 'dining_room'})"
0.1,"frozenset({'3_table', 'tiles'})"
0.1,"frozenset({'3_window', '5_room'})"
0.1,"frozenset({'3_window', '7_mountain'})"
0.1,"frozenset({'3_window', '8_mountain'})"
0.1,"frozenset({'curtains', '3_window'})"
0.1,"frozenset({'3_window', 'railing'})"
0.1,"frozenset({'3_window', 'youth_hostel'})"
0.2,"frozenset({'5_table', '4_counter'})"
0.1,"frozenset({'7_box', '4_counter'})"
0.1,"frozenset({'4_counter', '8_handle'})"
0.1,"frozenset({'9_door', '4_counter'})"
0.1,"frozenset({'air conditioner', '4_counter'})"
0.1,"frozenset({'4_counter', 'counter'})"
0.1,"frozenset({'cupboards', '4_counter'})"
0.1,"frozenset({'dishes', '4_counter'})"
0.1,"frozenset({'4_counter', 'drawer'})"
0.1,"frozenset({'4_counter', 'galley'})"
0.1,"frozenset({'4_counter', 'oven'})"
0.1,"frozenset({'restaurant_kitchen', '4_counter'})"
0.1,"frozenset({'4_counter', 'sink'})"
0.1,"frozenset({'4_counter', 'tablet'})"
0.1,"frozenset({'4_pillow', '5_chair'})"
0.1,"frozenset({'6_towel', '4_pillow'})"
0.1,"frozenset({'4_pillow', '7_bag'})"
0.1,"frozenset({'4_pillow', '8_chair'})"
0.1,"frozenset({'4_pillow', '8_table'})"
0.1,"frozenset({'4_pillow', '9_cabinet'})"
0.1,"frozenset({'4_pillow', '9_chair'})"
0.1,"frozenset({'4_pillow', 'bed'})"
0.1,"frozenset({'blinds', '4_pillow'})"
0.1,"frozenset({'4_pillow', 'book'})"
0.1,"frozenset({'4_pillow', 'cat'})"
0.1,"frozenset({'4_pillow', 'clothes'})"
0.1,"frozenset({'cupboard', '4_pillow'})"
0.1,"frozenset({'dorm_room', '4_pillow'})"
0.1,"frozenset({'globe', '4_pillow'})"
0.1,"frozenset({'mirror', '4_pillow'})"
0.1,"frozenset({'object', '4_pillow'})"
0.1,"frozenset({'picture', '4_pillow'})"
0.1,"frozenset({'picture frame', '4_pillow'})"
0.1,"frozenset({'4_pillow', 'pillow'})"
0.1,"frozenset({'4_pillow', 'playroom'})"
0.1,"frozenset({'sofa', '4_pillow'})"
0.1,"frozenset({'4_pillow', 'television'})"
0.1,"frozenset({'5_pot', '4_room'})"
0.1,"frozenset({'6_chair', '4_room'})"
0.1,"frozenset({'4_room', '7_table'})"
0.1,"frozenset({'4_room', '8_lamp'})"
0.1,"frozenset({'9_window', '4_room'})"
0.1,"frozenset({'bedroom', '4_room'})"
0.1,"frozenset({'ceiling', '4_room'})"
0.1,"frozenset({'4_room', 'paintings'})"
0.1,"frozenset({'picture frame', '4_room'})"
0.1,"frozenset({'plant', '4_room'})"
0.1,"frozenset({'4_table', '5_chair'})"
0.1,"frozenset({'6_room', '4_table'})"
0.1,"frozenset({'8_light', '4_table'})"
0.1,"frozenset({'4_table', '9_tile'})"
0.1,"frozenset({'chair', '4_table'})"
0.1,"frozenset({'curtains', '4_table'})"
0.1,"frozenset({'4_table', 'dining_room'})"
0.1,"frozenset({'4_table', 'tiles'})"
0.1,"frozenset({'4_track', '6_leg'})"
0.1,"frozenset({'4_track', '7_room'})"
0.1,"frozenset({'4_track', '8_plant'})"
0.1,"frozenset({'4_track', 'mirror'})"
0.1,"frozenset({'4_track', 'painting'})"
0.1,"frozenset({'4_track', 'plant'})"
0.1,"frozenset({'4_track', 'throne_room'})"
0.1,"frozenset({'4_window', '5_plant'})"
0.1,"frozenset({'6_pillow', '4_window'})"
0.1,"frozenset({'4_window', '7_table'})"
0.1,"frozenset({'4_window', '8_room'})"
0.1,"frozenset({'4_window', 'ceiling'})"
0.1,"frozenset({'4_window', 'waiting_room'})"
0.1,"frozenset({'window', '4_window'})"
0.1,"frozenset({'6_room', '5_chair'})"
0.1,"frozenset({'8_light', '5_chair'})"
0.1,"frozenset({'8_table', '5_chair'})"
0.1,"frozenset({'9_chair', '5_chair'})"
0.1,"frozenset({'9_tile', '5_chair'})"
0.1,"frozenset({'bed', '5_chair'})"
0.1,"frozenset({'blinds', '5_chair'})"
0.1,"frozenset({'chair', '5_chair'})"
0.1,"frozenset({'curtains', '5_chair'})"
0.1,"frozenset({'dining_room', '5_chair'})"
0.1,"frozenset({'dorm_room', '5_chair'})"
0.1,"frozenset({'globe', '5_chair'})"
0.1,"frozenset({'mirror', '5_chair'})"
0.1,"frozenset({'pillow', '5_chair'})"
0.1,"frozenset({'tiles', '5_chair'})"
0.1,"frozenset({'6_pillow', '5_plant'})"
0.1,"frozenset({'5_plant', '7_table'})"
0.1,"frozenset({'8_room', '5_plant'})"
0.1,"frozenset({'5_plant', 'ceiling'})"
0.1,"frozenset({'waiting_room', '5_plant'})"
0.1,"frozenset({'window', '5_plant'})"
0.1,"frozenset({'5_pot', '6_chair'})"
0.1,"frozenset({'5_pot', '7_table'})"
0.1,"frozenset({'5_pot', '8_lamp'})"
0.1,"frozenset({'5_pot', '9_window'})"
0.1,"frozenset({'5_pot', 'bedroom'})"
0.1,"frozenset({'5_pot', 'ceiling'})"
0.1,"frozenset({'5_pot', 'paintings'})"
0.1,"frozenset({'picture frame', '5_pot'})"
0.1,"frozenset({'5_pot', 'plant'})"
0.1,"frozenset({'5_room', '7_mountain'})"
0.1,"frozenset({'8_mountain', '5_room'})"
0.1,"frozenset({'curtains', '5_room'})"
0.1,"frozenset({'5_room', 'railing'})"
0.1,"frozenset({'5_room', 'youth_hostel'})"
0.1,"frozenset({'7_box', '5_table'})"
0.1,"frozenset({'5_table', '8_handle'})"
0.1,"frozenset({'9_door', '5_table'})"
0.1,"frozenset({'air conditioner', '5_table'})"
0.1,"frozenset({'5_table', 'counter'})"
0.1,"frozenset({'cupboards', '5_table'})"
0.1,"frozenset({'5_table', 'dishes'})"
0.1,"frozenset({'5_table', 'drawer'})"
0.1,"frozenset({'5_table', 'galley'})"
0.1,"frozenset({'5_table', 'oven'})"
0.1,"frozenset({'restaurant_kitchen', '5_table'})"
0.1,"frozenset({'5_table', 'sink'})"
0.1,"frozenset({'5_table', 'tablet'})"
0.1,"frozenset({'cupboard', '6_cabinet'})"
0.1,"frozenset({'6_cabinet', 'kitchen'})"
0.1,"frozenset({'6_cabinet', 'stove'})"
0.1,"frozenset({'wall', '6_cabinet'})"
0.1,"frozenset({'6_chair', '7_table'})"
0.1,"frozenset({'6_chair', '8_lamp'})"
0.1,"frozenset({'9_window', '6_chair'})"
0.1,"frozenset({'6_chair', 'bedroom'})"
0.1,"frozenset({'6_chair', 'ceiling'})"
0.1,"frozenset({'6_chair', 'paintings'})"
0.1,"frozenset({'picture frame', '6_chair'})"
0.1,"frozenset({'plant', '6_chair'})"
0.1,"frozenset({'6_leg', '7_room'})"
0.1,"frozenset({'6_leg', '8_plant'})"
0.1,"frozenset({'mirror', '6_leg'})"
0.1,"frozenset({'painting', '6_leg'})"
0.1,"frozenset({'plant', '6_leg'})"
0.1,"frozenset({'6_leg', 'throne_room'})"
0.1,"frozenset({'6_pillow', '7_table'})"
0.1,"frozenset({'6_pillow', '8_room'})"
0.1,"frozenset({'6_pillow', 'ceiling'})"
0.1,"frozenset({'6_pillow', 'waiting_room'})"
0.1,"frozenset({'6_pillow', 'window'})"
0.1,"frozenset({'6_room', '8_light'})"
0.1,"frozenset({'6_room', '9_tile'})"
0.1,"frozenset({'6_room', 'chair'})"
0.1,"frozenset({'curtains', '6_room'})"
0.1,"frozenset({'6_room', 'dining_room'})"
0.1,"frozenset({'6_room', 'tiles'})"
0.1,"frozenset({'6_towel', '7_bag'})"
0.1,"frozenset({'6_towel', '8_chair'})"
0.1,"frozenset({'6_towel', '9_cabinet'})"
0.1,"frozenset({'6_towel', 'book'})"
0.1,"frozenset({'6_towel', 'cat'})"
0.1,"frozenset({'6_towel', 'clothes'})"
0.1,"frozenset({'6_towel', 'cupboard'})"
0.1,"frozenset({'6_towel', 'object'})"
0.1,"frozenset({'6_towel', 'picture'})"
0.1,"frozenset({'picture frame', '6_towel'})"
0.1,"frozenset({'6_towel', 'playroom'})"
0.1,"frozenset({'sofa', '6_towel'})"
0.1,"frozenset({'6_towel', 'television'})"
0.1,"frozenset({'7_bag', '8_chair'})"
0.1,"frozenset({'7_bag', '9_cabinet'})"
0.1,"frozenset({'7_bag', 'book'})"
0.1,"frozenset({'cat', '7_bag'})"
0.1,"frozenset({'7_bag', 'clothes'})"
0.1,"frozenset({'cupboard', '7_bag'})"
0.1,"frozenset({'object', '7_bag'})"
0.1,"frozenset({'picture', '7_bag'})"
0.1,"frozenset({'picture frame', '7_bag'})"
0.1,"frozenset({'7_bag', 'playroom'})"
0.1,"frozenset({'sofa', '7_bag'})"
0.1,"frozenset({'television', '7_bag'})"
0.1,"frozenset({'7_box', '8_handle'})"
0.1,"frozenset({'7_box', 'counter'})"
0.1,"frozenset({'7_box', 'drawer'})"
0.1,"frozenset({'7_box', 'galley'})"
0.1,"frozenset({'7_box', 'sink'})"
0.1,"frozenset({'7_box', 'tablet'})"
0.1,"frozenset({'8_mountain', '7_mountain'})"
0.1,"frozenset({'curtains', '7_mountain'})"
0.1,"frozenset({'railing', '7_mountain'})"
0.1,"frozenset({'youth_hostel', '7_mountain'})"
0.1,"frozenset({'7_room', '8_plant'})"
0.1,"frozenset({'mirror', '7_room'})"
0.1,"frozenset({'painting', '7_room'})"
0.1,"frozenset({'plant', '7_room'})"
0.1,"frozenset({'throne_room', '7_room'})"
0.1,"frozenset({'8_lamp', '7_table'})"
0.1,"frozenset({'8_room', '7_table'})"
0.1,"frozenset({'9_window', '7_table'})"
0.1,"frozenset({'bedroom', '7_table'})"
0.2,"frozenset({'ceiling', '7_table'})"
0.1,"frozenset({'7_table', 'paintings'})"
0.1,"frozenset({'picture frame', '7_table'})"
0.1,"frozenset({'plant', '7_table'})"
0.1,"frozenset({'waiting_room', '7_table'})"
0.1,"frozenset({'window', '7_table'})"
0.1,"frozenset({'8_chair', '9_cabinet'})"
0.1,"frozenset({'book', '8_chair'})"
0.1,"frozenset({'cat', '8_chair'})"
0.1,"frozenset({'clothes', '8_chair'})"
0.1,"frozenset({'cupboard', '8_chair'})"
0.1,"frozenset({'object', '8_chair'})"
0.1,"frozenset({'picture', '8_chair'})"
0.1,"frozenset({'picture frame', '8_chair'})"
0.1,"frozenset({'playroom', '8_chair'})"
0.1,"frozenset({'sofa', '8_chair'})"
0.1,"frozenset({'television', '8_chair'})"
0.1,"frozenset({'8_handle', 'counter'})"
0.1,"frozenset({'8_handle', 'drawer'})"
0.1,"frozenset({'8_handle', 'galley'})"
0.1,"frozenset({'8_handle', 'sink'})"
0.1,"frozenset({'8_handle', 'tablet'})"
0.1,"frozenset({'9_window', '8_lamp'})"
0.1,"frozenset({'bedroom', '8_lamp'})"
0.1,"frozenset({'ceiling', '8_lamp'})"
0.1,"frozenset({'8_lamp', 'paintings'})"
0.1,"frozenset({'picture frame', '8_lamp'})"
0.1,"frozenset({'plant', '8_lamp'})"
0.1,"frozenset({'8_light', '9_tile'})"
0.1,"frozenset({'chair', '8_light'})"
0.1,"frozenset({'curtains', '8_light'})"
0.1,"frozenset({'8_light', 'dining_room'})"
0.1,"frozenset({'8_light', 'tiles'})"
0.1,"frozenset({'curtains', '8_mountain'})"
0.1,"frozenset({'8_mountain', 'railing'})"
0.1,"frozenset({'8_mountain', 'youth_hostel'})"
0.1,"frozenset({'mirror', '8_plant'})"
0.1,"frozenset({'painting', '8_plant'})"
0.1,"frozenset({'plant', '8_plant'})"
0.1,"frozenset({'throne_room', '8_plant'})"
0.1,"frozenset({'8_room', 'ceiling'})"
0.1,"frozenset({'waiting_room', '8_room'})"
0.1,"frozenset({'window', '8_room'})"
0.1,"frozenset({'9_chair', '8_table'})"
0.1,"frozenset({'8_table', 'bed'})"
0.1,"frozenset({'blinds', '8_table'})"
0.1,"frozenset({'dorm_room', '8_table'})"
0.1,"frozenset({'globe', '8_table'})"
0.1,"frozenset({'mirror', '8_table'})"
0.1,"frozenset({'pillow', '8_table'})"
0.1,"frozenset({'book', '9_cabinet'})"
0.1,"frozenset({'cat', '9_cabinet'})"
0.1,"frozenset({'clothes', '9_cabinet'})"
0.1,"frozenset({'cupboard', '9_cabinet'})"
0.1,"frozenset({'object', '9_cabinet'})"
0.1,"frozenset({'picture', '9_cabinet'})"
0.1,"frozenset({'picture frame', '9_cabinet'})"
0.1,"frozenset({'playroom', '9_cabinet'})"
0.1,"frozenset({'sofa', '9_cabinet'})"
0.1,"frozenset({'television', '9_cabinet'})"
0.1,"frozenset({'9_chair', 'bed'})"
0.1,"frozenset({'blinds', '9_chair'})"
0.1,"frozenset({'dorm_room', '9_chair'})"
0.1,"frozenset({'globe', '9_chair'})"
0.1,"frozenset({'mirror', '9_chair'})"
0.1,"frozenset({'9_chair', 'pillow'})"
0.1,"frozenset({'air conditioner', '9_door'})"
0.1,"frozenset({'9_door', 'cupboards'})"
0.1,"frozenset({'9_door', 'dishes'})"
0.1,"frozenset({'9_door', 'oven'})"
0.1,"frozenset({'9_door', 'restaurant_kitchen'})"
0.1,"frozenset({'chair', '9_tile'})"
0.1,"frozenset({'curtains', '9_tile'})"
0.1,"frozenset({'dining_room', '9_tile'})"
0.1,"frozenset({'9_tile', 'tiles'})"
0.1,"frozenset({'9_window', 'bedroom'})"
0.1,"frozenset({'9_window', 'ceiling'})"
0.1,"frozenset({'9_window', 'paintings'})"
0.1,"frozenset({'picture frame', '9_window'})"
0.1,"frozenset({'plant', '9_window'})"
0.1,"frozenset({'air conditioner', 'cupboards'})"
0.1,"frozenset({'air conditioner', 'dishes'})"
0.1,"frozenset({'air conditioner', 'oven'})"
0.1,"frozenset({'air conditioner', 'restaurant_kitchen'})"
0.1,"frozenset({'blinds', 'bed'})"
0.1,"frozenset({'dorm_room', 'bed'})"
0.1,"frozenset({'globe', 'bed'})"
0.1,"frozenset({'mirror', 'bed'})"
0.1,"frozenset({'pillow', 'bed'})"
0.1,"frozenset({'ceiling', 'bedroom'})"
0.1,"frozenset({'bedroom', 'paintings'})"
0.1,"frozenset({'picture frame', 'bedroom'})"
0.1,"frozenset({'plant', 'bedroom'})"
0.1,"frozenset({'blinds', 'dorm_room'})"
0.1,"frozenset({'globe', 'blinds'})"
0.1,"frozenset({'mirror', 'blinds'})"
0.1,"frozenset({'blinds', 'pillow'})"
0.1,"frozenset({'cat', 'book'})"
0.1,"frozenset({'clothes', 'book'})"
0.1,"frozenset({'cupboard', 'book'})"
0.1,"frozenset({'object', 'book'})"
0.1,"frozenset({'picture', 'book'})"
0.1,"frozenset({'picture frame', 'book'})"
0.1,"frozenset({'playroom', 'book'})"
0.1,"frozenset({'sofa', 'book'})"
0.1,"frozenset({'television', 'book'})"
0.1,"frozenset({'cat', 'clothes'})"
0.1,"frozenset({'cupboard', 'cat'})"
0.1,"frozenset({'object', 'cat'})"
0.1,"frozenset({'picture', 'cat'})"
0.1,"frozenset({'picture frame', 'cat'})"
0.1,"frozenset({'cat', 'playroom'})"
0.1,"frozenset({'sofa', 'cat'})"
0.1,"frozenset({'cat', 'television'})"
0.1,"frozenset({'ceiling', 'paintings'})"
0.1,"frozenset({'picture frame', 'ceiling'})"
0.1,"frozenset({'plant', 'ceiling'})"
0.1,"frozenset({'waiting_room', 'ceiling'})"
0.1,"frozenset({'window', 'ceiling'})"
0.1,"frozenset({'curtains', 'chair'})"
0.1,"frozenset({'chair', 'dining_room'})"
0.1,"frozenset({'chair', 'tiles'})"
0.1,"frozenset({'cupboard', 'clothes'})"
0.1,"frozenset({'object', 'clothes'})"
0.1,"frozenset({'picture', 'clothes'})"
0.1,"frozenset({'picture frame', 'clothes'})"
0.1,"frozenset({'playroom', 'clothes'})"
0.1,"frozenset({'sofa', 'clothes'})"
0.1,"frozenset({'television', 'clothes'})"
0.1,"frozenset({'counter', 'drawer'})"
0.1,"frozenset({'counter', 'galley'})"
0.1,"frozenset({'counter', 'sink'})"
0.1,"frozenset({'counter', 'tablet'})"
0.1,"frozenset({'cupboard', 'kitchen'})"
0.1,"frozenset({'cupboard', 'object'})"
0.1,"frozenset({'picture', 'cupboard'})"
0.1,"frozenset({'picture frame', 'cupboard'})"
0.1,"frozenset({'cupboard', 'playroom'})"
0.1,"frozenset({'sofa', 'cupboard'})"
0.1,"frozenset({'cupboard', 'stove'})"
0.1,"frozenset({'cupboard', 'television'})"
0.1,"frozenset({'wall', 'cupboard'})"
0.1,"frozenset({'cupboards', 'dishes'})"
0.1,"frozenset({'cupboards', 'oven'})"
0.1,"frozenset({'cupboards', 'restaurant_kitchen'})"
0.1,"frozenset({'curtains', 'dining_room'})"
0.1,"frozenset({'curtains', 'railing'})"
0.1,"frozenset({'curtains', 'tiles'})"
0.1,"frozenset({'curtains', 'youth_hostel'})"
0.1,"frozenset({'dining_room', 'tiles'})"
0.1,"frozenset({'dishes', 'oven'})"
0.1,"frozenset({'restaurant_kitchen', 'dishes'})"
0.1,"frozenset({'globe', 'dorm_room'})"
0.1,"frozenset({'mirror', 'dorm_room'})"
0.1,"frozenset({'dorm_room', 'pillow'})"
0.1,"frozenset({'drawer', 'galley'})"
0.1,"frozenset({'sink', 'drawer'})"
0.1,"frozenset({'drawer', 'tablet'})"
0.1,"frozenset({'sink', 'galley'})"
0.1,"frozenset({'tablet', 'galley'})"
0.1,"frozenset({'mirror', 'globe'})"
0.1,"frozenset({'globe', 'pillow'})"
0.1,"frozenset({'stove', 'kitchen'})"
0.1,"frozenset({'wall', 'kitchen'})"
0.1,"frozenset({'mirror', 'painting'})"
0.1,"frozenset({'mirror', 'pillow'})"
0.1,"frozenset({'mirror', 'plant'})"
0.1,"frozenset({'mirror', 'throne_room'})"
0.1,"frozenset({'picture', 'object'})"
0.1,"frozenset({'picture frame', 'object'})"
0.1,"frozenset({'object', 'playroom'})"
0.1,"frozenset({'sofa', 'object'})"
0.1,"frozenset({'object', 'television'})"
0.1,"frozenset({'restaurant_kitchen', 'oven'})"
0.1,"frozenset({'plant', 'painting'})"
0.1,"frozenset({'painting', 'throne_room'})"
0.1,"frozenset({'picture frame', 'paintings'})"
0.1,"frozenset({'plant', 'paintings'})"
0.1,"frozenset({'picture frame', 'picture'})"
0.1,"frozenset({'picture', 'playroom'})"
0.1,"frozenset({'sofa', 'picture'})"
0.1,"frozenset({'picture', 'television'})"
0.1,"frozenset({'picture frame', 'plant'})"
0.1,"frozenset({'picture frame', 'playroom'})"
0.1,"frozenset({'sofa', 'picture frame'})"
0.1,"frozenset({'picture frame', 'television'})"
0.1,"frozenset({'plant', 'throne_room'})"
0.1,"frozenset({'sofa', 'playroom'})"
0.1,"frozenset({'television', 'playroom'})"
0.1,"frozenset({'railing', 'youth_hostel'})"
0.1,"frozenset({'sink', 'tablet'})"
0.1,"frozenset({'sofa', 'television'})"
0.1,"frozenset({'wall', 'stove'})"
0.1,"frozenset({'window', 'waiting_room'})"
0.1,"frozenset({'11_cat', '0_bed', '10_window'})"
