,antecedents,consequents,antecedent support,consequent support,support,confidence,lift,leverage,conviction,antecedent_len
43,frozenset({'0_bed'}),frozenset({'bedroom'}),0.2,0.1,0.1,0.5,5.0,0.08,1.8,1
57,frozenset({'0_bed'}),frozenset({'youth_hostel'}),0.2,0.1,0.1,0.5,5.0,0.08,1.8,1
92,frozenset({'0_chair'}),frozenset({'playroom'}),0.1,0.1,0.1,1.0,10.0,0.09,999999.0,1
134,frozenset({'0_counter'}),frozenset({'restaurant_kitchen'}),0.1,0.1,0.1,1.0,10.0,0.09,999999.0,1
156,frozenset({'0_curtain'}),frozenset({'dining_room'}),0.1,0.1,0.1,1.0,10.0,0.09,999999.0,1
204,frozenset({'0_pillow'}),frozenset({'dorm_room'}),0.2,0.1,0.1,0.5,5.0,0.08,1.8,1
213,frozenset({'0_pillow'}),frozenset({'waiting_room'}),0.2,0.1,0.1,0.5,5.0,0.08,1.8,1
243,frozenset({'0_plant'}),frozenset({'throne_room'}),0.1,0.1,0.1,1.0,10.0,0.09,999999.0,1
263,frozenset({'0_sink'}),frozenset({'galley'}),0.1,0.1,0.1,1.0,10.0,0.09,999999.0,1
287,frozenset({'10_counter'}),frozenset({'kitchen'}),0.1,0.1,0.1,1.0,10.0,0.09,999999.0,1
324,frozenset({'10_screen'}),frozenset({'playroom'}),0.1,0.1,0.1,1.0,10.0,0.09,999999.0,1
364,frozenset({'10_towel'}),frozenset({'restaurant_kitchen'}),0.1,0.1,0.1,1.0,10.0,0.09,999999.0,1
390,frozenset({'10_window'}),frozenset({'bedroom'}),0.1,0.1,0.1,1.0,10.0,0.09,999999.0,1
432,frozenset({'11_cabinet'}),frozenset({'restaurant_kitchen'}),0.1,0.1,0.1,1.0,10.0,0.09,999999.0,1
456,frozenset({'11_cat'}),frozenset({'bedroom'}),0.1,0.1,0.1,1.0,10.0,0.09,999999.0,1
497,frozenset({'11_chair'}),frozenset({'playroom'}),0.1,0.1,0.1,1.0,10.0,0.09,999999.0,1
558,frozenset({'11_window'}),frozenset({'dorm_room'}),0.30000000000000004,0.1,0.1,0.3333333333333333,3.333333333333333,0.07,1.3499999999999999,1
572,frozenset({'11_window'}),frozenset({'throne_room'}),0.30000000000000004,0.1,0.1,0.3333333333333333,3.333333333333333,0.07,1.3499999999999999,1
574,frozenset({'11_window'}),frozenset({'youth_hostel'}),0.30000000000000004,0.1,0.1,0.3333333333333333,3.333333333333333,0.07,1.3499999999999999,1
606,frozenset({'12_bowl'}),frozenset({'restaurant_kitchen'}),0.1,0.1,0.1,1.0,10.0,0.09,999999.0,1
628,frozenset({'12_lamp'}),frozenset({'dorm_room'}),0.1,0.1,0.1,1.0,10.0,0.09,999999.0,1
658,frozenset({'12_sign'}),frozenset({'throne_room'}),0.1,0.1,0.1,1.0,10.0,0.09,999999.0,1
677,frozenset({'12_toilet'}),frozenset({'kitchen'}),0.1,0.1,0.1,1.0,10.0,0.09,999999.0,1
698,frozenset({'12_window'}),frozenset({'youth_hostel'}),0.1,0.1,0.1,1.0,10.0,0.09,999999.0,1
714,frozenset({'13_curtain'}),frozenset({'youth_hostel'}),0.1,0.1,0.1,1.0,10.0,0.09,999999.0,1
731,frozenset({'13_door'}),frozenset({'kitchen'}),0.1,0.1,0.1,1.0,10.0,0.09,999999.0,1
757,frozenset({'13_leg'}),frozenset({'throne_room'}),0.1,0.1,0.1,1.0,10.0,0.09,999999.0,1
787,frozenset({'13_plate'}),frozenset({'restaurant_kitchen'}),0.1,0.1,0.1,1.0,10.0,0.09,999999.0,1
807,frozenset({'14_flower'}),frozenset({'dorm_room'}),0.1,0.1,0.1,1.0,10.0,0.09,999999.0,1
835,frozenset({'14_window'}),frozenset({'bedroom'}),0.1,0.1,0.1,1.0,10.0,0.09,999999.0,1
856,frozenset({'15_bench'}),frozenset({'youth_hostel'}),0.1,0.1,0.1,1.0,10.0,0.09,999999.0,1
876,frozenset({'15_curtain'}),frozenset({'bedroom'}),0.1,0.1,0.1,1.0,10.0,0.09,999999.0,1
898,frozenset({'15_drawer'}),frozenset({'kitchen'}),0.1,0.1,0.1,1.0,10.0,0.09,999999.0,1
931,frozenset({'15_plate'}),frozenset({'restaurant_kitchen'}),0.1,0.1,0.1,1.0,10.0,0.09,999999.0,1
953,frozenset({'15_window'}),frozenset({'waiting_room'}),0.1,0.1,0.1,1.0,10.0,0.09,999999.0,1
981,frozenset({'16_chair'}),frozenset({'restaurant_kitchen'}),0.1,0.1,0.1,1.0,10.0,0.09,999999.0,1
1001,frozenset({'16_window'}),frozenset({'waiting_room'}),0.1,0.1,0.1,1.0,10.0,0.09,999999.0,1
1026,frozenset({'17_room'}),frozenset({'restaurant_kitchen'}),0.1,0.1,0.1,1.0,10.0,0.09,999999.0,1
1038,frozenset({'17_sink'}),frozenset({'kitchen'}),0.1,0.1,0.1,1.0,10.0,0.09,999999.0,1
1053,frozenset({'18_cabinet'}),frozenset({'kitchen'}),0.1,0.1,0.1,1.0,10.0,0.09,999999.0,1
1078,frozenset({'18_shelf'}),frozenset({'restaurant_kitchen'}),0.1,0.1,0.1,1.0,10.0,0.09,999999.0,1
1113,frozenset({'1_bed'}),frozenset({'dorm_room'}),0.2,0.1,0.1,0.5,5.0,0.08,1.8,1
1121,frozenset({'1_bed'}),frozenset({'waiting_room'}),0.2,0.1,0.1,0.5,5.0,0.08,1.8,1
1152,frozenset({'1_box'}),frozenset({'playroom'}),0.1,0.1,0.1,1.0,10.0,0.09,999999.0,1
1176,frozenset({'1_chair'}),frozenset({'dining_room'}),0.1,0.1,0.1,1.0,10.0,0.09,999999.0,1
1197,frozenset({'1_counter'}),frozenset({'galley'}),0.1,0.1,0.1,1.0,10.0,0.09,999999.0,1
1221,frozenset({'1_glass'}),frozenset({'restaurant_kitchen'}),0.1,0.1,0.1,1.0,10.0,0.09,999999.0,1
1241,frozenset({'1_lamp'}),frozenset({'throne_room'}),0.1,0.1,0.1,1.0,10.0,0.09,999999.0,1
1259,frozenset({'1_pillow'}),frozenset({'bedroom'}),0.1,0.1,0.1,1.0,10.0,0.09,999999.0,1
1275,frozenset({'1_table'}),frozenset({'kitchen'}),0.1,0.1,0.1,1.0,10.0,0.09,999999.0,1
1307,frozenset({'2_bed'}),frozenset({'playroom'}),0.1,0.1,0.1,1.0,10.0,0.09,999999.0,1
1328,frozenset({'2_chair'}),frozenset({'dining_room'}),0.1,0.1,0.1,1.0,10.0,0.09,999999.0,1
1347,frozenset({'2_handle'}),frozenset({'galley'}),0.1,0.1,0.1,1.0,10.0,0.09,999999.0,1
1367,frozenset({'2_lamp'}),frozenset({'waiting_room'}),0.1,0.1,0.1,1.0,10.0,0.09,999999.0,1
1395,frozenset({'2_plant'}),frozenset({'bedroom'}),0.2,0.1,0.1,0.5,5.0,0.08,1.8,1
1411,frozenset({'2_plant'}),frozenset({'restaurant_kitchen'}),0.2,0.1,0.1,0.5,5.0,0.08,1.8,1
1429,frozenset({'2_table'}),frozenset({'throne_room'}),0.1,0.1,0.1,1.0,10.0,0.09,999999.0,1
1444,frozenset({'2_window'}),frozenset({'dorm_room'}),0.1,0.1,0.1,1.0,10.0,0.09,999999.0,1
1465,frozenset({'3_box'}),frozenset({'waiting_room'}),0.1,0.1,0.1,1.0,10.0,0.09,999999.0,1
1472,frozenset({'3_cabinet'}),frozenset({'kitchen'}),0.1,0.1,0.1,1.0,10.0,0.09,999999.0,1
1493,frozenset({'3_drawer'}),frozenset({'restaurant_kitchen'}),0.1,0.1,0.1,1.0,10.0,0.09,999999.0,1
1507,frozenset({'3_laptop'}),frozenset({'galley'}),0.1,0.1,0.1,1.0,10.0,0.09,999999.0,1
1535,frozenset({'3_pillow'}),frozenset({'bedroom'}),0.2,0.1,0.1,0.5,5.0,0.08,1.8,1
1541,frozenset({'3_pillow'}),frozenset({'dorm_room'}),0.2,0.1,0.1,0.5,5.0,0.08,1.8,1
1569,frozenset({'3_pot'}),frozenset({'throne_room'}),0.1,0.1,0.1,1.0,10.0,0.09,999999.0,1
1594,frozenset({'3_room'}),frozenset({'playroom'}),0.1,0.1,0.1,1.0,10.0,0.09,999999.0,1
1614,frozenset({'3_table'}),frozenset({'dining_room'}),0.1,0.1,0.1,1.0,10.0,0.09,999999.0,1
1629,frozenset({'3_window'}),frozenset({'youth_hostel'}),0.1,0.1,0.1,1.0,10.0,0.09,999999.0,1
1648,frozenset({'4_counter'}),frozenset({'galley'}),0.2,0.1,0.1,0.5,5.0,0.08,1.8,1
1652,frozenset({'4_counter'}),frozenset({'restaurant_kitchen'}),0.2,0.1,0.1,0.5,5.0,0.08,1.8,1
1684,frozenset({'4_pillow'}),frozenset({'dorm_room'}),0.2,0.1,0.1,0.5,5.0,0.08,1.8,1
1698,frozenset({'4_pillow'}),frozenset({'playroom'}),0.2,0.1,0.1,0.5,5.0,0.08,1.8,1
1714,frozenset({'4_room'}),frozenset({'bedroom'}),0.1,0.1,0.1,1.0,10.0,0.09,999999.0,1
1736,frozenset({'4_table'}),frozenset({'dining_room'}),0.1,0.1,0.1,1.0,10.0,0.09,999999.0,1
1753,frozenset({'4_track'}),frozenset({'throne_room'}),0.1,0.1,0.1,1.0,10.0,0.09,999999.0,1
1764,frozenset({'4_window'}),frozenset({'waiting_room'}),0.1,0.1,0.1,1.0,10.0,0.09,999999.0,1
1786,frozenset({'5_chair'}),frozenset({'dining_room'}),0.2,0.1,0.1,0.5,5.0,0.08,1.8,1
1789,frozenset({'5_chair'}),frozenset({'dorm_room'}),0.2,0.1,0.1,0.5,5.0,0.08,1.8,1
1807,frozenset({'5_plant'}),frozenset({'waiting_room'}),0.1,0.1,0.1,1.0,10.0,0.09,999999.0,1
1818,frozenset({'5_pot'}),frozenset({'bedroom'}),0.1,0.1,0.1,1.0,10.0,0.09,999999.0,1
1837,frozenset({'5_room'}),frozenset({'youth_hostel'}),0.1,0.1,0.1,1.0,10.0,0.09,999999.0,1
1854,frozenset({'5_table'}),frozenset({'galley'}),0.2,0.1,0.1,0.5,5.0,0.08,1.8,1
1858,frozenset({'5_table'}),frozenset({'restaurant_kitchen'}),0.2,0.1,0.1,0.5,5.0,0.08,1.8,1
1866,frozenset({'6_cabinet'}),frozenset({'kitchen'}),0.1,0.1,0.1,1.0,10.0,0.09,999999.0,1
1878,frozenset({'6_chair'}),frozenset({'bedroom'}),0.1,0.1,0.1,1.0,10.0,0.09,999999.0,1
1898,frozenset({'6_leg'}),frozenset({'throne_room'}),0.1,0.1,0.1,1.0,10.0,0.09,999999.0,1
1907,frozenset({'6_pillow'}),frozenset({'waiting_room'}),0.1,0.1,0.1,1.0,10.0,0.09,999999.0,1
1918,frozenset({'6_room'}),frozenset({'dining_room'}),0.1,0.1,0.1,1.0,10.0,0.09,999999.0,1
1942,frozenset({'6_towel'}),frozenset({'playroom'}),0.1,0.1,0.1,1.0,10.0,0.09,999999.0,1
1966,frozenset({'7_bag'}),frozenset({'playroom'}),0.1,0.1,0.1,1.0,10.0,0.09,999999.0,1
1979,frozenset({'7_box'}),frozenset({'galley'}),0.1,0.1,0.1,1.0,10.0,0.09,999999.0,1
1990,frozenset({'7_mountain'}),frozenset({'youth_hostel'}),0.1,0.1,0.1,1.0,10.0,0.09,999999.0,1
2001,frozenset({'7_room'}),frozenset({'throne_room'}),0.1,0.1,0.1,1.0,10.0,0.09,999999.0,1
2008,frozenset({'7_table'}),frozenset({'bedroom'}),0.2,0.1,0.1,0.5,5.0,0.08,1.8,1
2019,frozenset({'7_table'}),frozenset({'waiting_room'}),0.2,0.1,0.1,0.5,5.0,0.08,1.8,1
2039,frozenset({'8_chair'}),frozenset({'playroom'}),0.1,0.1,0.1,1.0,10.0,0.09,999999.0,1
2049,frozenset({'8_handle'}),frozenset({'galley'}),0.1,0.1,0.1,1.0,10.0,0.09,999999.0,1
2056,frozenset({'8_lamp'}),frozenset({'bedroom'}),0.1,0.1,0.1,1.0,10.0,0.09,999999.0,1
2072,frozenset({'8_light'}),frozenset({'dining_room'}),0.1,0.1,0.1,1.0,10.0,0.09,999999.0,1
2081,frozenset({'8_mountain'}),frozenset({'youth_hostel'}),0.1,0.1,0.1,1.0,10.0,0.09,999999.0,1
2089,frozenset({'8_plant'}),frozenset({'throne_room'}),0.1,0.1,0.1,1.0,10.0,0.09,999999.0,1
2093,frozenset({'8_room'}),frozenset({'waiting_room'}),0.1,0.1,0.1,1.0,10.0,0.09,999999.0,1
2102,frozenset({'8_table'}),frozenset({'dorm_room'}),0.1,0.1,0.1,1.0,10.0,0.09,999999.0,1
2124,frozenset({'9_cabinet'}),frozenset({'playroom'}),0.1,0.1,0.1,1.0,10.0,0.09,999999.0,1
2134,frozenset({'9_chair'}),frozenset({'dorm_room'}),0.1,0.1,0.1,1.0,10.0,0.09,999999.0,1
2150,frozenset({'9_door'}),frozenset({'restaurant_kitchen'}),0.1,0.1,0.1,1.0,10.0,0.09,999999.0,1
2156,frozenset({'9_tile'}),frozenset({'dining_room'}),0.1,0.1,0.1,1.0,10.0,0.09,999999.0,1
2160,frozenset({'9_window'}),frozenset({'bedroom'}),0.1,0.1,0.1,1.0,10.0,0.09,999999.0,1
2177,frozenset({'air conditioner'}),frozenset({'restaurant_kitchen'}),0.1,0.1,0.1,1.0,10.0,0.09,999999.0,1
2180,frozenset({'bed'}),frozenset({'dorm_room'}),0.1,0.1,0.1,1.0,10.0,0.09,999999.0,1
2188,frozenset({'ceiling'}),frozenset({'bedroom'}),0.2,0.1,0.1,0.5,5.0,0.08,1.8,1
2190,frozenset({'paintings'}),frozenset({'bedroom'}),0.1,0.1,0.1,1.0,10.0,0.09,999999.0,1
2192,frozenset({'picture frame'}),frozenset({'bedroom'}),0.2,0.1,0.1,0.5,5.0,0.08,1.8,1
2194,frozenset({'plant'}),frozenset({'bedroom'}),0.2,0.1,0.1,0.5,5.0,0.08,1.8,1
2197,frozenset({'blinds'}),frozenset({'dorm_room'}),0.1,0.1,0.1,1.0,10.0,0.09,999999.0,1
2217,frozenset({'book'}),frozenset({'playroom'}),0.1,0.1,0.1,1.0,10.0,0.09,999999.0,1
2232,frozenset({'cat'}),frozenset({'playroom'}),0.1,0.1,0.1,1.0,10.0,0.09,999999.0,1
2245,frozenset({'ceiling'}),frozenset({'waiting_room'}),0.2,0.1,0.1,0.5,5.0,0.08,1.8,1
2250,frozenset({'chair'}),frozenset({'dining_room'}),0.1,0.1,0.1,1.0,10.0,0.09,999999.0,1
2262,frozenset({'clothes'}),frozenset({'playroom'}),0.1,0.1,0.1,1.0,10.0,0.09,999999.0,1
2270,frozenset({'counter'}),frozenset({'galley'}),0.1,0.1,0.1,1.0,10.0,0.09,999999.0,1
2276,frozenset({'cupboard'}),frozenset({'kitchen'}),0.2,0.1,0.1,0.5,5.0,0.08,1.8,1
2285,frozenset({'cupboard'}),frozenset({'playroom'}),0.2,0.1,0.1,0.5,5.0,0.08,1.8,1
2299,frozenset({'cupboards'}),frozenset({'restaurant_kitchen'}),0.1,0.1,0.1,1.0,10.0,0.09,999999.0,1
2300,frozenset({'curtains'}),frozenset({'dining_room'}),0.2,0.1,0.1,0.5,5.0,0.08,1.8,1
2307,frozenset({'curtains'}),frozenset({'youth_hostel'}),0.2,0.1,0.1,0.5,5.0,0.08,1.8,1
2308,frozenset({'tiles'}),frozenset({'dining_room'}),0.1,0.1,0.1,1.0,10.0,0.09,999999.0,1
2313,frozenset({'dishes'}),frozenset({'restaurant_kitchen'}),0.1,0.1,0.1,1.0,10.0,0.09,999999.0,1
2315,frozenset({'globe'}),frozenset({'dorm_room'}),0.1,0.1,0.1,1.0,10.0,0.09,999999.0,1
2317,frozenset({'mirror'}),frozenset({'dorm_room'}),0.2,0.1,0.1,0.5,5.0,0.08,1.8,1
2318,frozenset({'pillow'}),frozenset({'dorm_room'}),0.1,0.1,0.1,1.0,10.0,0.09,999999.0,1
2320,frozenset({'drawer'}),frozenset({'galley'}),0.1,0.1,0.1,1.0,10.0,0.09,999999.0,1
2327,frozenset({'sink'}),frozenset({'galley'}),0.1,0.1,0.1,1.0,10.0,0.09,999999.0,1
2329,frozenset({'tablet'}),frozenset({'galley'}),0.1,0.1,0.1,1.0,10.0,0.09,999999.0,1
2335,frozenset({'stove'}),frozenset({'kitchen'}),0.1,0.1,0.1,1.0,10.0,0.09,999999.0,1
2336,frozenset({'wall'}),frozenset({'kitchen'}),0.1,0.1,0.1,1.0,10.0,0.09,999999.0,1
2345,frozenset({'mirror'}),frozenset({'throne_room'}),0.2,0.1,0.1,0.5,5.0,0.08,1.8,1
2351,frozenset({'object'}),frozenset({'playroom'}),0.1,0.1,0.1,1.0,10.0,0.09,999999.0,1
2357,frozenset({'oven'}),frozenset({'restaurant_kitchen'}),0.1,0.1,0.1,1.0,10.0,0.09,999999.0,1
2360,frozenset({'painting'}),frozenset({'throne_room'}),0.1,0.1,0.1,1.0,10.0,0.09,999999.0,1
2369,frozenset({'picture'}),frozenset({'playroom'}),0.1,0.1,0.1,1.0,10.0,0.09,999999.0,1
2376,frozenset({'picture frame'}),frozenset({'playroom'}),0.2,0.1,0.1,0.5,5.0,0.08,1.8,1
2383,frozenset({'plant'}),frozenset({'throne_room'}),0.2,0.1,0.1,0.5,5.0,0.08,1.8,1
2385,frozenset({'sofa'}),frozenset({'playroom'}),0.1,0.1,0.1,1.0,10.0,0.09,999999.0,1
2386,frozenset({'television'}),frozenset({'playroom'}),0.1,0.1,0.1,1.0,10.0,0.09,999999.0,1
2388,frozenset({'railing'}),frozenset({'youth_hostel'}),0.1,0.1,0.1,1.0,10.0,0.09,999999.0,1
2397,frozenset({'window'}),frozenset({'waiting_room'}),0.1,0.1,0.1,1.0,10.0,0.09,999999.0,1
