image_name,category,predicted
Places365_val_00005625.jpg,bathroom,hospital_room
Places365_val_00035457.jpg,bedroom,hotel_room
Places365_val_00035413.jpg,bedroom,childs_room
Places365_val_00029799.jpg,bedroom,hotel_room
Places365_val_00029457.jpg,bedroom,bathroom
Places365_val_00028808.jpg,bedroom,hotel_room
Places365_val_00028005.jpg,bedroom,hotel_room
Places365_val_00027452.jpg,bedroom,hotel_room
Places365_val_00026275.jpg,bedroom,hotel_room
Places365_val_00026135.jpg,bedroom,hotel_room
Places365_val_00025625.jpg,bedroom,dorm_room
Places365_val_00025035.jpg,bedroom,hotel_room
Places365_val_00024526.jpg,bedroom,hospital_room
Places365_val_00023198.jpg,bedroom,hotel_room
Places365_val_00022437.jpg,bedroom,bathroom
Places365_val_00021752.jpg,bedroom,hotel_room
Places365_val_00020849.jpg,bedroom,hotel_room
Places365_val_00020135.jpg,bedroom,hotel_room
Places365_val_00019898.jpg,bedroom,hotel_room
Places365_val_00019097.jpg,bedroom,childs_room
Places365_val_00018244.jpg,bedroom,hotel_room
Places365_val_00016340.jpg,bedroom,hotel_room
Places365_val_00016223.jpg,bedroom,hotel_room
Places365_val_00015924.jpg,bedroom,hotel_room
Places365_val_00015014.jpg,bedroom,hotel_room
Places365_val_00011862.jpg,bedroom,hotel_room
Places365_val_00010860.jpg,bedroom,hotel_room
Places365_val_00010249.jpg,bedroom,hotel_room
Places365_val_00009766.jpg,bedroom,hotel_room
Places365_val_00009488.jpg,bedroom,hotel_room
Places365_val_00008814.jpg,bedroom,hotel_room
Places365_val_00006630.jpg,bedroom,dorm_room
Places365_val_00004937.jpg,bedroom,bathroom
Places365_val_00003614.jpg,bedroom,hotel_room
Places365_val_00001436.jpg,bedroom,hotel_room
Places365_val_00000320.jpg,bedroom,dorm_room
Places365_val_00032393.jpg,childs_room,hotel_room
Places365_val_00027951.jpg,childs_room,dorm_room
Places365_val_00026245.jpg,childs_room,kindergarden_classroom
Places365_val_00026160.jpg,childs_room,kindergarden_classroom
Places365_val_00019353.jpg,childs_room,hotel_room
Places365_val_00019247.jpg,childs_room,hotel_room
Places365_val_00016831.jpg,childs_room,hospital_room
Places365_val_00015617.jpg,childs_room,bedroom
Places365_val_00010599.jpg,childs_room,kindergarden_classroom
Places365_val_00006857.jpg,childs_room,dorm_room
Places365_val_00005140.jpg,childs_room,bathroom
Places365_val_00035705.jpg,classroom,kindergarden_classroom
Places365_val_00034896.jpg,classroom,conference_room
Places365_val_00034212.jpg,classroom,kindergarden_classroom
Places365_val_00032590.jpg,classroom,kindergarden_classroom
Places365_val_00032518.jpg,classroom,kindergarden_classroom
Places365_val_00031486.jpg,classroom,kindergarden_classroom
Places365_val_00028999.jpg,classroom,kindergarden_classroom
Places365_val_00028706.jpg,classroom,kindergarden_classroom
Places365_val_00027974.jpg,classroom,kindergarden_classroom
Places365_val_00027816.jpg,classroom,kindergarden_classroom
Places365_val_00027427.jpg,classroom,conference_room
Places365_val_00025002.jpg,classroom,conference_room
Places365_val_00023549.jpg,classroom,kindergarden_classroom
Places365_val_00022116.jpg,classroom,kindergarden_classroom
Places365_val_00020961.jpg,classroom,kindergarden_classroom
Places365_val_00019908.jpg,classroom,kindergarden_classroom
Places365_val_00019527.jpg,classroom,conference_room
Places365_val_00017754.jpg,classroom,kindergarden_classroom
Places365_val_00017665.jpg,classroom,conference_room
Places365_val_00017335.jpg,classroom,kindergarden_classroom
Places365_val_00016878.jpg,classroom,kindergarden_classroom
Places365_val_00014132.jpg,classroom,kindergarden_classroom
Places365_val_00014022.jpg,classroom,kindergarden_classroom
Places365_val_00007189.jpg,classroom,kindergarden_classroom
Places365_val_00006626.jpg,classroom,kindergarden_classroom
Places365_val_00006174.jpg,classroom,kindergarden_classroom
Places365_val_00003542.jpg,classroom,conference_room
Places365_val_00035766.jpg,conference_room,hospital_room
Places365_val_00033188.jpg,conference_room,dining_room
Places365_val_00028790.jpg,conference_room,classroom
Places365_val_00019103.jpg,conference_room,classroom
Places365_val_00017551.jpg,conference_room,classroom
Places365_val_00017118.jpg,conference_room,dining_room
Places365_val_00013893.jpg,conference_room,dining_room
Places365_val_00010579.jpg,conference_room,hospital_room
Places365_val_00033636.jpg,dining_room,conference_room
Places365_val_00033368.jpg,dining_room,conference_room
Places365_val_00023324.jpg,dining_room,classroom
Places365_val_00020800.jpg,dining_room,conference_room
Places365_val_00019261.jpg,dining_room,conference_room
Places365_val_00034842.jpg,dorm_room,kindergarden_classroom
Places365_val_00025694.jpg,dorm_room,hospital_room
Places365_val_00022392.jpg,dorm_room,childs_room
Places365_val_00018993.jpg,dorm_room,bedroom
Places365_val_00018003.jpg,dorm_room,hospital_room
Places365_val_00017734.jpg,dorm_room,kindergarden_classroom
Places365_val_00012555.jpg,dorm_room,hotel_room
Places365_val_00009088.jpg,dorm_room,kindergarden_classroom
Places365_val_00008461.jpg,dorm_room,classroom
Places365_val_00007845.jpg,dorm_room,kindergarden_classroom
Places365_val_00004308.jpg,dorm_room,bedroom
Places365_val_00000912.jpg,dorm_room,hotel_room
Places365_val_00000166.jpg,dorm_room,hospital_room
Places365_val_00031621.jpg,hospital_room,bathroom
Places365_val_00026044.jpg,hospital_room,conference_room
Places365_val_00019460.jpg,hospital_room,bathroom
Places365_val_00009597.jpg,hospital_room,bathroom
Places365_val_00007031.jpg,hospital_room,bathroom
Places365_val_00004706.jpg,hospital_room,conference_room
Places365_val_00034353.jpg,hotel_room,hospital_room
Places365_val_00030409.jpg,hotel_room,dorm_room
Places365_val_00024271.jpg,hotel_room,childs_room
Places365_val_00015191.jpg,hotel_room,hospital_room
Places365_val_00010946.jpg,hotel_room,hospital_room
Places365_val_00010701.jpg,hotel_room,bathroom
Places365_val_00009755.jpg,hotel_room,bathroom
Places365_val_00000454.jpg,hotel_room,dorm_room
Places365_val_00020876.jpg,kindergarden_classroom,classroom
Places365_val_00006852.jpg,kindergarden_classroom,childs_room
Places365_val_00003401.jpg,kindergarden_classroom,classroom
Places365_val_00000260.jpg,kindergarden_classroom,childs_room
Places365_val_00034414.jpg,kitchen,bathroom
Places365_val_00026858.jpg,kitchen,bathroom
Places365_val_00026267.jpg,kitchen,bathroom
Places365_val_00025733.jpg,kitchen,bathroom
Places365_val_00018594.jpg,kitchen,bathroom
Places365_val_00015177.jpg,kitchen,bathroom
Places365_val_00012472.jpg,kitchen,conference_room
Places365_val_00010718.jpg,kitchen,dorm_room
Places365_val_00004652.jpg,kitchen,hospital_room
Places365_val_00003215.jpg,kitchen,bathroom
Places365_val_00002312.jpg,kitchen,bathroom
Places365_val_00034676.jpg,living_room,dining_room
Places365_val_00026432.jpg,living_room,conference_room
Places365_val_00021611.jpg,living_room,kindergarden_classroom
Places365_val_00021605.jpg,living_room,dining_room
Places365_val_00015300.jpg,living_room,hotel_room
Places365_val_00013021.jpg,living_room,conference_room
Places365_val_00012796.jpg,living_room,dorm_room
Places365_val_00010487.jpg,living_room,classroom
Places365_val_00006486.jpg,living_room,kitchen
Places365_val_00027982.jpg,dining_room,living_room
Places365_val_00026086.jpg,dining_room,living_room
Places365_val_00006166.jpg,dining_room,living_room
Places365_val_00001911.jpg,dining_room,living_room
Places365_val_00004832.jpg,dorm_room,living_room
